I0,PA500,HFS,DA,Area,A/DA,Max IP,DR,P,Class,Max IP,I0,DA,PA500
524.794072,0.187448362,0.032114058,228.8002279,6843.598481,29.91080273,60.20487976,220.737212,556.8283342,car,60.20487976,524.794072,228.8002279,0.187448362
330,0.226892803,0.265290046,121.1542007,3163.239472,26.10920178,69.71736145,99.084964,400.225776,car,69.71736145,330,121.1542007,0.226892803
551.8792874,0.232477856,0.063529985,264.8049354,11888.39183,44.89490276,77.79329681,253.7852998,656.7694494,car,77.79329681,551.8792874,264.8049354,0.232477856
380,0.240855437,0.286233997,137.6401109,5402.17118,39.2485239,88.75844574,105.198568,493.7018135,car,88.75844574,380,137.6401109,0.240855437
362.8312659,0.200712864,0.244346095,124.9125594,3290.462446,26.34212655,69.38938904,103.8665519,424.7965034,car,69.38938904,362.8312659,124.9125594,0.200712864
389.8729777,0.150098316,0.097738438,118.6258143,2475.557078,20.86862032,49.75714874,107.6861642,429.3857879,car,49.75714874,389.8729777,118.6258143,0.150098316
290.4551412,0.144164196,0.053058009,74.63506664,1189.545213,15.93815436,35.70333099,65.54132446,330.2672929,car,35.70333099,290.4551412,74.63506664,0.144164196
275.6773934,0.15393804,0.187797428,91.52789334,1756.234837,19.187974,39.30518341,82.65868215,331.5883017,car,39.30518341,275.6773934,91.52789334,0.15393804
470,0.213104702,0.225496539,184.5900566,8185.360837,44.34345484,84.48248291,164.1225107,603.3157151,car,84.48248291,470,184.5900566,0.213104702
423,0.21956242,0.261799388,172.371241,6108.106297,35.43576214,79.05635071,153.1729029,558.2745153,car,79.05635071,423,172.371241,0.21956242
410,0.317824457,0.297404105,255.8151791,10622.54711,41.5243034,67.52320862,246.7428255,508.540356,car,67.52320862,410,255.8151791,0.317824457
500,0.227241869,0.050963614,219.2955023,9819.449614,44.77725039,76.86849976,207.2666404,602.5278406,car,76.86849976,500,219.2955023,0.227241869
438.7801572,0.21240657,0.060737458,120.9015964,4879.495576,40.35923198,80.79177856,89.94378642,525.4201494,car,80.79177856,438.7801572,120.9015964,0.21240657
366.9423791,0.280125345,0.252025544,172.7455537,7064.815909,40.89723733,75.60432434,155.3222849,471.5881954,car,75.60432434,366.9423791,172.7455537,0.280125345
485.6688055,0.230208928,0.134041287,253.8936986,8135.968359,32.04478254,64.85544586,245.4705306,541.3639751,car,64.85544586,485.6688055,253.8936986,0.230208928
390,0.358316095,0.203854457,245.6861031,10055.83687,40.929612,70.32478333,236.4901697,477.54836,car,70.32478333,390,245.6861031,0.358316095
269.4959463,0.207519648,0.038397244,80.41108548,1963.605248,24.4195839,44.74015427,66.83830932,329.0906471,car,44.74015427,269.4959463,80.41108548,0.207519648
300,0.190066356,0.166853476,97.10812951,3039.561303,31.30079138,51.35397339,82.41819203,387.0782275,car,51.35397339,300,97.10812951,0.190066356
325,0.224623875,0.286932129,229.2158634,5705.33209,24.89065113,35.60271454,227.2647937,462.7030069,car,35.60271454,325,229.2158634,0.224623875
294.4748456,0.206646983,0.46774824,194.8710353,5541.256126,28.43550411,36.76579666,191.8048905,445.5132994,car,36.76579666,294.4748456,194.8710353,0.206646983
500,0.192684349,0.194778745,144.6885779,3055.012963,21.11440314,96.56336975,107.751103,542.8970889,car,96.56336975,500,144.6885779,0.192684349
211,0.053930674,0.09424778,30.75344346,151.9845776,4.942034467,14.26837444,27.24312366,217.130704,fad,14.26837444,211,30.75344346,0.053930674
196.8567142,0.020071286,0.090757121,28.59312613,82.05888853,2.869881668,7.968783379,27.66151595,200.7493364,fad,7.968783379,196.8567142,28.59312613,0.020071286
245,0.189019158,0.081681409,62.90295509,1235.983356,19.64905073,42.15201569,46.69035543,292.3762384,fad,42.15201569,245,62.90295509,0.189019158
352.6564468,0.121998515,0.090757121,68.52784639,1066.157846,15.55802353,43.69192505,52.79281667,382.7331865,fad,43.69192505,352.6564468,68.52784639,0.121998515
243.2939757,0.03996804,0.067020643,68.54477772,383.928453,5.601133534,9.991348267,67.81665572,263.6407613,fad,9.991348267,243.2939757,68.54477772,0.03996804
259.885145,0.070685835,0.006981317,58.24380728,465.087265,7.985179658,17.50683784,56.34024079,267.517446,fad,17.50683784,259.885145,58.24380728,0.070685835
250,0.068067841,-0.015358897,57.17243116,652.9013494,11.41986332,17.77698135,55.79126957,278.3086152,fad,17.77698135,250,57.17243116,0.068067841
200,0.037699112,0.117286126,42.31667529,220.8109066,5.21805896,10.67576408,40.94788227,218.0343131,fad,10.67576408,200,42.31667529,0.037699112
355,0.064053584,0.084473936,89.55846345,1033.854245,11.54390334,27.56266212,86.57656109,372.0399566,fad,27.56266212,355,89.55846345,0.064053584
272,0.091455253,0.004886922,63.78938031,718.9463102,11.27062697,20.08555603,60.69072912,286.9202203,fad,20.08555603,272,63.78938031,0.091455253
341.6200131,0.091978852,0.07400196,85.04302856,1370.838068,16.11934677,29.02896881,79.93519681,385.1334598,fad,29.02896881,341.6200131,85.04302856,0.091978852
160.3224525,0.176976386,0.163362818,37.217124,341.8814622,9.186133303,30.88916397,20.7599104,187.5665182,fad,30.88916397,160.3224525,37.217124,0.176976386
301.3043992,0.10978121,0.035604717,64.61619993,942.7731906,14.59035337,29.04567719,57.72003044,335.7684588,fad,29.04567719,301.3043992,64.61619993,0.10978121
155,0.172787596,0.118682389,38.94016841,415.111601,10.66024155,25.83650208,29.13437618,184.8170409,fad,25.83650208,155,38.94016841,0.172787596
144,0.120602251,0.046076692,19.64766952,70.42623881,3.584457624,18.13101387,7.569493117,160.3737703,fad,18.13101387,144,19.64766952,0.120602251
178,0.170867734,0.212930169,41.54216676,489.4405205,11.78177641,35.7477951,21.16239331,215.9059342,mas,35.7477951,178,41.54216676,0.170867734
195,0.139102741,0.20525072,37.46219562,328.3840516,8.765744937,35.0238266,13.29465026,232.5876277,mas,35.0238266,195,37.46219562,0.139102741
435.0931666,0.07696902,0.161268423,123.5975376,1342.277648,10.86006788,37.38472366,117.8080379,433.2023221,mas,37.38472366,435.0931666,123.5975376,0.07696902
250,0.04712389,0.013962634,70.90704002,224.1457873,3.161121763,9.102175713,70.32040045,232.2776288,mas,9.102175713,250,70.90704002,0.04712389
339.5085476,0.045378561,0.030019663,88.62980943,331.0803904,3.735542168,19.8255806,87.62118044,307.7931937,mas,19.8255806,339.5085476,88.62980943,0.045378561
236,0.124616509,0.201760062,48.45112963,236.8801115,4.889052397,36.00662231,32.41967026,244.9651546,mas,36.00662231,236,48.45112963,0.124616509
481.4671493,0.078539816,0.016057029,79.05916156,1154.338239,14.60094208,33.92913055,71.40843919,501.8933576,mas,33.92913055,481.4671493,79.05916156,0.078539816
252,0.106116019,0.031415927,38.54420953,493.7904229,12.81101439,25.54114532,28.86703966,280.6582994,mas,25.54114532,252,38.54420953,0.106116019
172.5157973,0.127234502,0.038397244,37.54367322,192.2181479,5.119854595,19.32208061,32.18982081,174.93377,mas,19.32208061,172.5157973,37.54367322,0.127234502
121,0.174183859,0.090757121,24.43718041,144.4665132,5.911750488,22.02108002,10.59470821,141.7661849,mas,22.02108002,121,24.43718041,0.174183859
196.3648643,0.182910506,0.142418867,54.58308028,843.2625275,15.4491561,34.14941406,42.58086535,239.9440728,mas,34.14941406,196.3648643,54.58308028,0.182910506
370.3957247,0.104719755,0,115.9232531,1308.12043,11.28436612,31.3670311,112.7151016,365.9776513,mas,31.3670311,370.3957247,115.9232531,0.104719755
260.277521,0.079063415,0.03281219,58.81761141,277.2590343,4.713877828,17.86866951,56.03768402,248.6234122,mas,17.86866951,260.277521,58.81761141,0.079063415
544.6543495,0.063704518,0.002094395,100.7880802,1189.290233,11.79990958,29.41222191,96.58014998,553.3582099,mas,29.41222191,544.6543495,100.7880802,0.063704518
310,0.174707458,0.165457213,98.50996142,2741.032044,27.82492252,49.32786179,85.27000984,388.9778084,mas,49.32786179,310,98.50996142,0.174707458
274.9933959,0.147131256,0.137531945,66.45794304,1217.415651,18.3185876,40.84967804,52.42100773,327.5586387,mas,40.84967804,274.9933959,66.45794304,0.147131256
281.3232629,0.232303323,0.437728576,157.8841812,5305.123206,33.60135997,46.38433456,150.9168917,398.8955488,mas,46.38433456,281.3232629,157.8841812,0.232303323
327,0.141022604,0.084473936,76.21286813,1664.674076,21.84242789,43.22169113,62.77170286,379.2618386,mas,43.22169113,327,76.21286813,0.141022604
470.5164201,0.127409035,0.066322512,150.2240223,2657.910367,17.69297831,47.5606308,142.496468,491.4724885,gla,47.5606308,470.5164201,150.2240223,0.127409035
223,0.12409291,0.079587014,33.09633498,197.0125405,5.952699616,30.45487404,12.95638966,252.4833478,gla,30.45487404,223,33.09633498,0.12409291
152,0.165806279,0.227590934,34.2195504,94.35432796,2.757322257,31.2792778,13.87747773,180.6095533,gla,31.2792778,152,34.2195504,0.165806279
303,0.063355452,0.039793507,22.5678927,102.500309,4.541864424,21.83084106,5.720500629,321.6468374,gla,21.83084106,303,22.5678927,0.063355452
250,0.08709193,0.092851516,29.63751029,180.7612438,6.099069794,26.14209747,13.96326323,280.1229064,gla,26.14209747,250,29.63751029,0.08709193
197,0.132645023,0.07400196,33.46065297,409.6471413,12.24265234,26.99280739,19.77381319,231.7837876,gla,26.99280739,197,33.46065297,0.132645023
197,0.132645023,0.07400196,33.46065297,409.6471413,12.24265234,26.99280739,19.77381319,231.7837876,gla,26.99280739,197,33.46065297,0.132645023
216.4132573,0.117809725,0.068416907,53.59960002,280.4454865,5.232230956,22.79053497,48.51297401,215.3729201,gla,22.79053497,216.4132573,53.59960002,0.117809725
178,0.149574717,0.099134702,40.29062098,474.4046993,11.77456906,25.92082787,30.84549927,209.1807379,gla,25.92082787,178,40.29062098,0.149574717
185,0.14974925,0.085172067,39.89140922,361.7479803,9.0683179,26.86076164,29.49277954,210.1787188,gla,26.86076164,185,39.89140922,0.14974925
391,0.058119464,0.011170107,35.78006134,265.1497896,7.410545977,22.13147163,28.11424449,400.9948178,gla,22.13147163,391,35.78006134,0.058119464
502,0.065275314,0.027925268,53.23943299,834.2727305,15.67020315,33.33114243,41.51472224,544.0394145,gla,33.33114243,502,53.23943299,0.065275314
176,0.089884456,0.076794487,20.58852411,79.70542458,3.871352029,18.22649193,9.575087855,191.9928785,gla,18.22649193,176,20.58852411,0.089884456
145,0.117635192,0.110304809,21.21894213,82.45556156,3.885941206,20.30308151,6.16671519,162.5109272,gla,20.30308151,145,21.21894213,0.117635192
124.1287282,0.131946891,0.108908545,20.59263294,78.34279384,3.804408793,18.46239853,9.121205611,134.892697,gla,18.46239853,124.1287282,20.59263294,0.131946891
103,0.15812683,0.291819051,23.75481134,78.25847372,3.294426236,22.32360268,8.120826029,124.978561,gla,22.32360268,103,23.75481134,0.15812683
1724.089894,0.052708943,-0.020943951,404.1262083,3053.96689,7.556963213,71.42758942,399.1942441,1489.386712,con,71.42758942,1724.089894,404.1262083,0.052708943
1385.664721,0.092327917,0.089360858,202.4800437,8785.028733,43.38713372,143.0921936,143.25778,1524.609204,con,143.0921936,1385.664721,202.4800437,0.092327917
1084.247037,0.073478362,0,191.8979532,2937.971545,15.31007233,66.56362915,179.9836313,1064.103828,con,66.56362915,1084.247037,191.8979532,0.073478362
649.3693973,0.107512282,0.018849556,207.1116914,3344.432678,16.14796661,50.54747009,200.8487145,623.9088141,con,50.54747009,649.3693973,207.1116914,0.107512282
1500,0.056548668,0.050265482,375.0966033,4759.454546,12.68861009,78.44597626,366.8019779,1336.158534,con,78.44597626,1500,375.0966033,0.056548668
770,0.04162833,0.00243455,175.0196843,346.0913115,1.97744221,25.22233009,173.1927366,654.7984188,con,25.22233009,770,175.0196843,0.04162833
650,0.041015237,0.145211394,216.8113304,427.5340679,1.971917552,33.76516342,214.1659795,528.6992333,con,33.76516342,650,216.8113304,0.041015237
691.9720314,0.026005406,0.086568331,190.6766919,304.2707181,1.595741541,23.97571754,189.1633309,594.3156256,con,23.97571754,691.9720314,190.6766919,0.026005406
1461.750342,0.040840704,0.049567351,391.8460234,5574.00282,14.22498249,57.23147964,387.6439909,1428.839976,con,57.23147964,1461.750342,391.8460234,0.040840704
1496.736054,0.10384709,0.082379541,640.2759504,11071.9978,17.29254049,108.2869186,631.0524821,1178.274278,con,108.2869186,1496.736054,640.2759504,0.10384709
1111.814068,0.098785636,0.071209433,386.9870937,7659.742134,19.79327543,86.0251236,377.3045042,990.9789134,con,86.0251236,1111.814068,386.9870937,0.098785636
1270.666717,0.078888882,0.06562438,555.3523182,3612.968333,6.50572297,68.78166962,551.0764734,895.1874406,con,68.78166962,1270.666717,555.3523182,0.078888882
1647.939811,0.080983277,0.086568331,576.7703764,11852.48506,20.54974657,111.4359131,565.9029104,1402.877737,con,111.4359131,1647.939811,576.7703764,0.080983277
1535.85074,0.088488193,0.00418879,637.3496744,10814.05017,16.9672169,96.61039734,632.1651152,1197.76215,con,96.61039734,1535.85074,637.3496744,0.088488193
2100,0.061959188,-0.045378561,390.4825067,16640.72362,42.61579797,125.9004135,380.6447034,2073.028685,adi,125.9004135,2100,390.4825067,0.061959188
1800,0.034208453,0.042586034,301.0603509,4406.154331,14.63545206,67.62532806,293.3669201,1742.375702,adi,67.62532806,1800,301.0603509,0.034208453
2100,0.121649449,0.37768925,450.5516668,35671.60629,79.17317572,436.0996399,113.1985701,2461.450497,adi,436.0996399,2100,450.5516668,0.121649449
1666.148786,0.012391838,0.058451474,72.93105029,1402.231665,19.22681299,51.85476685,58.59576295,1746.577504,adi,51.85476685,1666.148786,72.93105029,0.012391838
1700,0.043982297,0.105126801,120.6530096,12331.10309,102.2030294,120.2973175,-9.257696464,2212.178196,adi,120.2973175,1700,120.6530096,0.043982297
1949.118155,0.051798311,0.016500689,170.3314949,3212.077055,18.85779877,101.4558487,136.8193286,1941.367383,adi,101.4558487,1949.118155,170.3314949,0.051798311
1850,0.079149163,0.06947018,253.6214551,13113.20309,51.70383985,160.0654602,196.730498,1916.985365,adi,160.0654602,1850,253.6214551,0.079149163
2350,0.081506876,0.271573232,515.2894771,27758.64026,53.86999249,289.5690613,426.2311599,2457.676736,adi,289.5690613,2350,515.2894771,0.081506876
1800,0.091978852,0.20525072,362.8633213,15021.55389,41.39727828,217.8339691,290.2036403,1893.663712,adi,217.8339691,1800,362.8633213,0.091978852
1900,0.054454273,0.113795467,272.6180289,7481.59347,27.44350218,138.3592682,234.8984958,1924.517895,adi,138.3592682,1900,272.6180289,0.054454273
1800,0.069115038,0.157079633,385.5647043,13831.72489,35.87393953,157.5700073,351.8974774,1823.032364,adi,157.5700073,1800,385.5647043,0.069115038
1850,0.073303829,0.225496539,325.1915423,8644.984237,26.58428376,208.739975,249.3534863,1908.177239,adi,208.739975,1850,325.1915423,0.073303829
1650,0.047647489,0.043284165,274.4261775,5824.895192,21.22572724,81.23957062,262.1256559,1603.070348,adi,81.23957062,1650,274.4261775,0.047647489
2800,0.083077672,0.184306769,583.2592575,31388.65288,53.81595316,298.5829773,501.0384944,2896.582483,adi,298.5829773,2800,583.2592575,0.083077672
2329.840138,0.066147979,0.353254641,377.2533678,25369.03992,67.24668907,336.0751648,171.3872268,2686.435346,adi,336.0751648,2329.840138,377.2533678,0.066147979
2400,0.08412487,0.220609617,596.0419555,37939.25557,63.65198829,261.348175,535.6894086,2447.772353,adi,261.348175,2400,596.0419555,0.08412487
2000,0.067195176,0.124267443,330.2716456,15381.09769,46.5710511,169.1979828,283.6395644,2063.073212,adi,169.1979828,2000,330.2716456,0.067195176
2000,0.106988683,0.105417887,520.2226492,40087.92098,77.0591612,204.0903473,478.5172232,2088.64887,adi,204.0903473,2000,520.2226492,0.106988683
2600,0.200538331,0.208043247,1063.441427,174480.4762,164.0715433,418.6872864,977.5523672,2664.583623,adi,418.6872864,2600,1063.441427,0.200538331
1600,0.071907565,-0.066322512,436.943603,12655.34213,28.96333084,103.7327042,432.1297489,1475.371534,adi,103.7327042,1600,436.943603,0.071907565
2300,0.045029495,0.136833813,185.4460437,5086.292497,27.42734434,178.6917419,49.59329022,2480.592151,adi,178.6917419,2300,185.4460437,0.045029495
2600,0.069987703,0.048869219,745.4743692,39845.7737,53.45022625,154.1226044,729.368395,2545.419744,adi,154.1226044,2600,745.4743692,0.069987703
2.3136,10.6651,-3.5288,-4.7672,0,,,,,,,2.3136,-4.7672,10.6651
-1.8584,7.886,-1.6643,-1.8384,0,,,,,,,-1.8584,-1.8384,7.886
3.106,9.5414,-4.2536,-4.003,0,,,,,,,3.106,-4.003,9.5414
2.9163,10.8306,-3.3437,-4.122,0,,,,,,,2.9163,-4.122,10.8306
3.9922,-4.4676,3.7304,-0.1095,0,,,,,,,3.9922,-0.1095,-4.4676
1.518,5.6946,0.094818,-0.026738,0,,,,,,,1.518,-0.026738,5.6946
3.2351,9.647,-3.2074,-2.5948,0,,,,,,,3.2351,-2.5948,9.647
4.2188,6.8162,-1.2804,0.76076,0,,,,,,,4.2188,0.76076,6.8162
1.7819,6.9176,-1.2744,-1.5759,0,,,,,,,1.7819,-1.5759,6.9176
2.5331,2.9135,-0.822,-0.12243,0,,,,,,,2.5331,-0.12243,2.9135
3.8969,7.4163,-1.8245,0.14007,0,,,,,,,3.8969,0.14007,7.4163
2.108,6.7955,-0.1708,0.4905,0,,,,,,,2.108,0.4905,6.7955
2.8969,0.70768,2.29,1.8663,0,,,,,,,2.8969,1.8663,0.70768
0.9297,-3.7971,4.6429,-0.2957,0,,,,,,,0.9297,-0.2957,-3.7971
3.4642,10.6878,-3.4071,-4.109,0,,,,,,,3.4642,-4.109,10.6878
4.0713,10.4023,-4.1722,-4.7582,0,,,,,,,4.0713,-4.7582,10.4023
-1.4572,9.1214,1.7425,-5.1241,0,,,,,,,-1.4572,-5.1241,9.1214
-1.5075,1.9224,7.1466,0.89136,0,,,,,,,-1.5075,0.89136,1.9224
-0.91718,9.9884,1.1804,-5.2263,0,,,,,,,-0.91718,-5.2263,9.9884
2.994,7.2011,-1.2153,0.3211,0,,,,,,,2.994,0.3211,7.2011
-2.343,12.9516,3.3285,-5.9426,0,,,,,,,-2.343,-5.9426,12.9516
3.7818,-2.8846,2.2558,-0.15734,0,,,,,,,3.7818,-0.15734,-2.8846
4.6689,1.3098,0.055404,1.909,0,,,,,,,4.6689,1.909,1.3098
3.4663,1.1112,1.7425,1.3388,0,,,,,,,3.4663,1.3388,1.1112
3.2697,-4.3414,3.6884,-0.29829,0,,,,,,,3.2697,-0.29829,-4.3414
5.1302,8.6703,-2.8913,-1.5086,0,,,,,,,5.1302,-1.5086,8.6703
2.0139,6.1416,0.37929,0.56938,0,,,,,,,2.0139,0.56938,6.1416
0.4339,5.5395,2.033,-0.40432,0,,,,,,,0.4339,-0.40432,5.5395
-1.0401,9.3987,0.85998,-5.3336,0,,,,,,,-1.0401,-5.3336,9.3987
4.1605,11.2196,-3.6136,-4.0819,0,,,,,,,4.1605,-4.0819,11.2196
5.438,9.4669,-4.9417,-3.9202,0,,,,,,,5.438,-3.9202,9.4669
5.032,8.2026,-2.6256,-1.0341,0,,,,,,,5.032,-1.0341,8.2026
5.2418,10.5388,-4.1174,-4.2797,0,,,,,,,5.2418,-4.2797,10.5388
-0.2062,9.2207,-3.7044,-6.8103,0,,,,,,,-0.2062,-6.8103,9.2207
2.0911,0.94358,4.5512,1.234,0,,,,,,,2.0911,1.234,0.94358
1.7317,-0.34765,4.1905,-0.99138,0,,,,,,,1.7317,-0.99138,-0.34765
4.1736,3.3336,-1.4244,0.60429,0,,,,,,,4.1736,0.60429,3.3336
3.9232,-3.2467,3.4579,0.83705,0,,,,,,,3.9232,0.83705,-3.2467
3.8481,10.1539,-3.8561,-4.2228,0,,,,,,,3.8481,-4.2228,10.1539
0.5195,-3.2633,3.0895,-0.9849,0,,,,,,,0.5195,-0.9849,-3.2633
3.8584,0.78425,1.1033,1.7008,0,,,,,,,3.8584,1.7008,0.78425
1.7496,-0.1759,5.1827,1.2922,0,,,,,,,1.7496,1.2922,-0.1759
3.6277,0.9829,0.68861,0.63403,0,,,,,,,3.6277,0.63403,0.9829
2.7391,7.4018,0.071684,-2.5302,0,,,,,,,2.7391,-2.5302,7.4018
4.5447,8.2274,-2.4166,-1.5875,0,,,,,,,4.5447,-1.5875,8.2274
-1.7599,11.9211,2.6756,-3.3241,0,,,,,,,-1.7599,-3.3241,11.9211
5.0691,0.21313,0.20278,1.2095,0,,,,,,,5.0691,1.2095,0.21313
3.4591,11.112,-4.2039,-5.0931,0,,,,,,,3.4591,-5.0931,11.112
1.9358,8.1654,-0.023425,-2.2586,0,,,,,,,1.9358,-2.2586,8.1654
2.486,-0.99533,5.3404,-0.15475,0,,,,,,,2.486,-0.15475,-0.99533
2.4226,-4.5752,5.947,0.21507,0,,,,,,,2.4226,0.21507,-4.5752
3.9479,-3.7723,2.883,0.019813,0,,,,,,,3.9479,0.019813,-3.7723
2.2634,-4.4862,3.6558,-0.61251,0,,,,,,,2.2634,-0.61251,-4.4862
1.3566,4.2358,2.1341,0.3211,0,,,,,,,1.3566,0.3211,4.2358
5.0452,3.8964,-1.4304,0.86291,0,,,,,,,5.0452,0.86291,3.8964
3.5499,8.6165,-3.2794,-1.2009,0,,,,,,,3.5499,-1.2009,8.6165
0.17346,7.8695,0.26876,-3.7883,0,,,,,,,0.17346,-3.7883,7.8695
2.4008,9.3593,-3.3565,-3.3526,0,,,,,,,2.4008,-3.3526,9.3593
4.8851,1.5995,-0.00029081,1.6401,0,,,,,,,4.8851,1.6401,1.5995
4.1927,-3.2674,2.5839,0.21766,0,,,,,,,4.1927,0.21766,-3.2674
1.1166,8.6496,-0.96252,-1.8112,0,,,,,,,1.1166,-1.8112,8.6496
1.0235,6.901,-2.0062,-2.7125,0,,,,,,,1.0235,-2.7125,6.901
-1.803,11.8818,2.0458,-5.2728,0,,,,,,,-1.803,-5.2728,11.8818
0.11739,6.2761,-1.5495,-2.4746,0,,,,,,,0.11739,-2.4746,6.2761
0.5706,-0.0248,1.2421,-0.5621,0,,,,,,,0.5706,-0.5621,-0.0248
4.0552,-2.4583,2.2806,1.0323,0,,,,,,,4.0552,1.0323,-2.4583
-1.6952,1.0657,8.8294,0.94955,0,,,,,,,-1.6952,0.94955,1.0657
-1.1193,10.7271,2.0938,-5.6504,0,,,,,,,-1.1193,-5.6504,10.7271
1.8799,2.4707,2.4931,0.37671,0,,,,,,,1.8799,0.37671,2.4707
3.583,-3.7971,3.4391,-0.12501,0,,,,,,,3.583,-0.12501,-3.7971
0.19081,9.1297,-3.725,-5.8224,0,,,,,,,0.19081,-5.8224,9.1297
3.6582,5.6864,-1.7157,-0.23751,0,,,,,,,3.6582,-0.23751,5.6864
-0.13144,-1.7775,8.3316,0.35214,0,,,,,,,-0.13144,0.35214,-1.7775
2.3925,9.798,-3.0361,-2.8224,0,,,,,,,2.3925,-2.8224,9.798
1.6426,3.0149,0.22849,-0.147,0,,,,,,,1.6426,-0.147,3.0149
-0.11783,-1.5789,8.03,-0.028031,0,,,,,,,-0.11783,-0.028031,-1.5789
-0.69572,8.6165,1.8419,-4.3289,0,,,,,,,-0.69572,-4.3289,8.6165
2.9421,7.4101,-0.97709,-0.88406,0,,,,,,,2.9421,-0.88406,7.4101
-1.7559,11.9459,3.0946,-4.8978,0,,,,,,,-1.7559,-4.8978,11.9459
-1.2537,10.8803,1.931,-4.3237,0,,,,,,,-1.2537,-4.3237,10.8803
3.2585,-4.4614,3.8024,-0.15087,0,,,,,,,3.2585,-0.15087,-4.4614
1.8314,6.3672,-0.036278,0.049554,0,,,,,,,1.8314,0.049554,6.3672
4.5645,-3.6275,2.8684,0.27714,0,,,,,,,4.5645,0.27714,-3.6275
2.7365,-5.0325,6.6608,-0.57889,0,,,,,,,2.7365,-0.57889,-5.0325
0.9297,-3.7971,4.6429,-0.2957,0,,,,,,,0.9297,-0.2957,-3.7971
3.9663,10.1684,-4.1131,-4.6056,0,,,,,,,3.9663,-4.6056,10.1684
1.4578,-0.08485,4.1785,0.59136,0,,,,,,,1.4578,0.59136,-0.08485
4.8272,3.0687,0.68604,0.80731,0,,,,,,,4.8272,0.80731,3.0687
-2.341,12.3784,0.70403,-7.5836,0,,,,,,,-2.341,-7.5836,12.3784
-1.8584,7.886,-1.6643,-1.8384,0,,,,,,,-1.8584,-1.8384,7.886
4.1454,7.257,-1.9153,-0.86078,0,,,,,,,4.1454,-0.86078,7.257
1.9157,6.0816,0.23705,-2.0116,0,,,,,,,1.9157,-2.0116,6.0816
4.0215,-2.1914,2.4648,1.1409,0,,,,,,,4.0215,1.1409,-2.1914
5.8862,5.8747,-2.8167,-0.30087,0,,,,,,,5.8862,-0.30087,5.8747
-2.0897,10.8265,2.3603,-3.4198,0,,,,,,,-2.0897,-3.4198,10.8265
4.0026,-3.5943,3.5573,0.26809,0,,,,,,,4.0026,0.26809,-3.5943
-0.78689,9.5663,-3.7867,-7.5034,0,,,,,,,-0.78689,-7.5034,9.5663
4.1757,10.2615,-3.8552,-4.3056,0,,,,,,,4.1757,-4.3056,10.2615
0.83292,7.5404,0.65005,-0.92544,0,,,,,,,0.83292,-0.92544,7.5404
4.8077,2.2327,-0.26334,1.5534,0,,,,,,,4.8077,1.5534,2.2327
5.3063,5.2684,-2.8904,-0.52716,0,,,,,,,5.3063,-0.52716,5.2684
2.5605,9.2683,-3.5913,-1.356,0,,,,,,,2.5605,-1.356,9.2683
2.1059,7.6046,-0.47755,-1.8461,0,,,,,,,2.1059,-1.8461,7.6046
2.1721,-0.73874,5.4672,-0.72371,0,,,,,,,2.1721,-0.72371,-0.73874
4.2899,9.1814,-4.6067,-4.3263,0,,,,,,,4.2899,-4.3263,9.1814
3.5156,10.1891,-4.2759,-4.978,0,,,,,,,3.5156,-4.978,10.1891
2.614,8.0081,-3.7258,-1.3069,0,,,,,,,2.614,-1.3069,8.0081
0.68087,2.3259,4.9085,0.54998,0,,,,,,,0.68087,0.54998,2.3259
4.1962,0.74493,0.83256,0.753,0,,,,,,,4.1962,0.753,0.74493
6.0919,2.9673,-1.3267,1.4551,0,,,,,,,6.0919,1.4551,2.9673
1.3234,3.2964,0.2362,-0.11984,0,,,,,,,1.3234,-0.11984,3.2964
1.3264,1.0326,5.6566,-0.41337,0,,,,,,,1.3264,-0.41337,1.0326
-0.16735,7.6274,1.2061,-3.6241,0,,,,,,,-0.16735,-3.6241,7.6274
-1.3,10.2678,-2.953,-5.8638,0,,,,,,,-1.3,-5.8638,10.2678
-2.2261,12.5398,2.9438,-3.5258,0,,,,,,,-2.2261,-3.5258,12.5398
2.4196,6.4665,-0.75688,0.228,0,,,,,,,2.4196,0.228,6.4665
1.0987,0.6394,5.989,-0.58277,0,,,,,,,1.0987,-0.58277,0.6394
4.6464,10.5326,-4.5852,-4.206,0,,,,,,,4.6464,-4.206,10.5326
-0.36038,4.1158,3.1143,-0.37199,0,,,,,,,-0.36038,-0.37199,4.1158
1.3562,3.2136,4.3465,0.78662,0,,,,,,,1.3562,0.78662,3.2136
0.5706,-0.0248,1.2421,-0.5621,0,,,,,,,0.5706,-0.5621,-0.0248
-2.6479,10.1374,-1.331,-5.4707,0,,,,,,,-2.6479,-5.4707,10.1374
3.1219,-3.137,1.9259,-0.37458,0,,,,,,,3.1219,-0.37458,-3.137
5.4944,1.5478,0.041694,1.9284,0,,,,,,,5.4944,1.9284,1.5478
-1.3389,1.552,7.0806,1.031,0,,,,,,,-1.3389,1.031,1.552
-2.3361,11.9604,3.0835,-5.4435,0,,,,,,,-2.3361,-5.4435,11.9604
2.2596,-0.033118,4.7355,-0.2776,0,,,,,,,2.2596,-0.2776,-0.033118
0.46901,-0.63321,7.3848,0.36507,0,,,,,,,0.46901,0.36507,-0.63321
2.7296,2.8701,0.51124,0.5099,0,,,,,,,2.7296,0.5099,2.8701
2.0466,2.03,2.1761,-0.083634,0,,,,,,,2.0466,-0.083634,2.03
-1.3274,9.498,2.4408,-5.2689,0,,,,,,,-1.3274,-5.2689,9.498
3.8905,-2.1521,2.6302,1.1047,0,,,,,,,3.8905,1.1047,-2.1521
3.9994,0.90427,1.1693,1.6892,0,,,,,,,3.9994,1.6892,0.90427
2.3952,9.5083,-3.1783,-3.0086,0,,,,,,,2.3952,-3.0086,9.5083
3.2704,6.9321,-1.0456,0.23447,0,,,,,,,3.2704,0.23447,6.9321
-1.3931,1.5664,7.5382,0.78403,0,,,,,,,-1.3931,0.78403,1.5664
1.6406,3.5488,1.3964,-0.36424,0,,,,,,,1.6406,-0.36424,3.5488
2.7744,6.8576,-1.0671,0.075416,0,,,,,,,2.7744,0.075416,6.8576
2.4287,9.3821,-3.2477,-1.4543,0,,,,,,,2.4287,-1.4543,9.3821
4.2134,-2.806,2.0116,0.67412,0,,,,,,,4.2134,0.67412,-2.806
1.6472,0.48213,4.7449,1.225,0,,,,,,,1.6472,1.225,0.48213
2.0597,-0.99326,5.2119,-0.29312,0,,,,,,,2.0597,-0.29312,-0.99326
0.3798,0.7098,0.7572,-0.4444,0,,,,,,,0.3798,-0.4444,0.7098
1.0135,8.4551,-1.672,-2.0815,0,,,,,,,1.0135,-2.0815,8.4551
4.5691,-4.4552,3.1769,0.0042961,0,,,,,,,4.5691,0.0042961,-4.4552
0.57461,10.1105,-1.6917,-4.3922,0,,,,,,,0.57461,-4.3922,10.1105
0.5734,9.1938,-0.9094,-1.872,0,,,,,,,0.5734,-1.872,9.1938
5.2868,3.257,-1.3721,1.1668,0,,,,,,,5.2868,1.1668,3.257
4.0102,10.6568,-4.1388,-5.0646,0,,,,,,,4.0102,-5.0646,10.6568
4.1425,-3.6792,3.8281,1.6297,0,,,,,,,4.1425,1.6297,-3.6792
3.0934,-2.9177,2.2232,0.22283,0,,,,,,,3.0934,0.22283,-2.9177
2.2034,5.9947,0.53009,0.84998,0,,,,,,,2.2034,0.84998,5.9947
3.744,0.79459,0.95851,1.0077,0,,,,,,,3.744,1.0077,0.79459
3.0329,2.2948,2.1135,0.35084,0,,,,,,,3.0329,0.35084,2.2948
3.7731,7.2073,-1.6814,-0.94742,0,,,,,,,3.7731,-0.94742,7.2073
3.1557,2.8908,0.59693,0.79825,0,,,,,,,3.1557,0.79825,2.8908
1.8114,7.6067,-0.9788,-2.4668,0,,,,,,,1.8114,-2.4668,7.6067
4.988,7.2052,-3.2846,-1.1608,0,,,,,,,4.988,-1.1608,7.2052
2.483,6.6155,-0.79287,-0.90863,0,,,,,,,2.483,-0.90863,6.6155
1.594,4.7055,1.3758,0.081882,0,,,,,,,1.594,0.081882,4.7055
-0.016103,9.7484,0.15394,-1.6134,0,,,,,,,-0.016103,-1.6134,9.7484
3.8496,9.7939,-4.1508,-4.4582,0,,,,,,,3.8496,-4.4582,9.7939
0.9297,-3.7971,4.6429,-0.2957,0,,,,,,,0.9297,-0.2957,-3.7971
4.9342,2.4107,-0.17594,1.6245,0,,,,,,,4.9342,1.6245,2.4107
3.8417,10.0215,-4.2699,-4.9159,0,,,,,,,3.8417,-4.9159,10.0215
5.3915,9.9946,-3.8081,-3.3642,0,,,,,,,5.3915,-3.3642,9.9946
4.4072,-0.070365,2.0416,1.1319,0,,,,,,,4.4072,1.1319,-0.070365
2.6946,6.7976,-0.40301,0.44912,0,,,,,,,2.6946,0.44912,6.7976
5.2756,0.13863,0.12138,1.1435,0,,,,,,,5.2756,1.1435,0.13863
3.4312,6.2637,-1.9513,-0.36165,0,,,,,,,3.4312,-0.36165,6.2637
4.052,-0.16555,0.45383,0.51248,0,,,,,,,4.052,0.51248,-0.16555
1.3638,-4.7759,8.4182,-1.8836,0,,,,,,,1.3638,-1.8836,-4.7759
0.89566,7.7763,-2.7473,-1.9353,0,,,,,,,0.89566,-1.9353,7.7763
1.9265,7.7557,-0.16823,-3.0771,0,,,,,,,1.9265,-3.0771,7.7557
0.20977,-0.46146,7.7267,0.90946,0,,,,,,,0.20977,0.90946,-0.46146
4.068,-2.9363,2.1992,0.50084,0,,,,,,,4.068,0.50084,-2.9363
2.877,-4.0599,3.6259,-0.32544,0,,,,,,,2.877,-0.32544,-4.0599
0.3223,-0.89808,8.0883,0.69222,0,,,,,,,0.3223,0.69222,-0.89808
-1.3,10.2678,-2.953,-5.8638,0,,,,,,,-1.3,-5.8638,10.2678
1.7747,-6.4334,8.15,-0.89828,0,,,,,,,1.7747,-0.89828,-6.4334
1.3419,-4.4221,8.09,-1.7349,0,,,,,,,1.3419,-1.7349,-4.4221
0.89606,10.5471,-1.4175,-4.0327,0,,,,,,,0.89606,-4.0327,10.5471
0.44125,2.9487,4.3225,0.7155,0,,,,,,,0.44125,0.7155,2.9487
3.2422,6.2265,0.12224,-1.4466,0,,,,,,,3.2422,-1.4466,6.2265
2.5678,3.5136,0.61406,-0.40691,0,,,,,,,2.5678,-0.40691,3.5136
-2.2153,11.9625,0.078538,-7.7853,0,,,,,,,-2.2153,-7.7853,11.9625
4.1349,6.1189,-2.4294,-0.19613,0,,,,,,,4.1349,-0.19613,6.1189
1.934,-9.28E-06,4.816,-0.33967,0,,,,,,,1.934,-0.33967,-9.28E-06
2.5068,1.1588,3.9249,0.12585,0,,,,,,,2.5068,0.12585,1.1588
2.1464,6.0795,-0.5778,-2.2302,0,,,,,,,2.1464,-2.2302,6.0795
0.051979,7.0521,-2.0541,-3.1508,0,,,,,,,0.051979,-3.1508,7.0521
1.2706,8.035,-0.19651,-2.1888,0,,,,,,,1.2706,-2.1888,8.035
1.143,0.83391,5.4552,-0.56984,0,,,,,,,1.143,-0.56984,0.83391
2.2928,9.0386,-3.2417,-1.2991,0,,,,,,,2.2928,-1.2991,9.0386
0.3292,-4.4552,4.5718,-0.9888,0,,,,,,,0.3292,-0.9888,-4.4552
2.9719,6.8369,-0.2702,0.71291,0,,,,,,,2.9719,0.71291,6.8369
1.6849,8.7489,-1.2641,-1.3858,0,,,,,,,1.6849,-1.3858,8.7489
-1.9177,11.6894,2.5454,-3.2763,0,,,,,,,-1.9177,-3.2763,11.6894
2.3729,10.4726,-3.0087,-3.2013,0,,,,,,,2.3729,-3.2013,10.4726
1.0284,9.767,-1.3687,-1.7853,0,,,,,,,1.0284,-1.7853,9.767
0.27451,9.2186,-3.2863,-4.8448,0,,,,,,,0.27451,-4.8448,9.2186
1.6032,-4.7863,8.5193,-2.1203,0,,,,,,,1.6032,-2.1203,-4.7863
4.616,10.1788,-4.2185,-4.4245,0,,,,,,,4.616,-4.4245,10.1788
4.2478,7.6956,-2.7696,-1.0767,0,,,,,,,4.2478,-1.0767,7.6956
4.0215,-2.7004,2.4957,0.36636,0,,,,,,,4.0215,0.36636,-2.7004
5.0297,-4.9704,3.5025,-0.23751,0,,,,,,,5.0297,-0.23751,-4.9704
1.5902,2.2948,3.2403,0.18404,0,,,,,,,1.5902,0.18404,2.2948
2.1274,5.1939,-1.7971,-1.1763,0,,,,,,,2.1274,-1.1763,5.1939
1.1811,8.3847,-2.0567,-0.90345,0,,,,,,,1.1811,-0.90345,8.3847
0.3292,-4.4552,4.5718,-0.9888,0,,,,,,,0.3292,-0.9888,-4.4552
5.7353,5.2808,-2.2598,0.075416,0,,,,,,,5.7353,0.075416,5.2808
2.6718,5.6574,0.72974,-1.4892,0,,,,,,,2.6718,-1.4892,5.6574
1.5799,-4.7076,7.9186,-1.5487,0,,,,,,,1.5799,-1.5487,-4.7076
2.9499,2.2493,1.3458,-0.037083,0,,,,,,,2.9499,-0.037083,2.2493
0.5195,-3.2633,3.0895,-0.9849,0,,,,,,,0.5195,-0.9849,-3.2633
3.7352,9.5911,-3.9032,-3.3487,0,,,,,,,3.7352,-3.3487,9.5911
-1.7344,2.0175,7.7618,0.93532,0,,,,,,,-1.7344,0.93532,2.0175
3.884,10.0277,-3.9298,-4.0819,0,,,,,,,3.884,-4.0819,10.0277
3.5257,1.2829,1.9276,1.7991,0,,,,,,,3.5257,1.7991,1.2829
4.4549,2.4976,1.0313,0.96894,0,,,,,,,4.4549,0.96894,2.4976
-0.16108,-6.4624,8.3573,-1.5216,0,,,,,,,-0.16108,-1.5216,-6.4624
4.2164,9.4607,-4.9288,-5.2366,0,,,,,,,4.2164,-5.2366,9.4607
3.5152,6.8224,-0.67377,-0.46898,0,,,,,,,3.5152,-0.46898,6.8224
1.6988,2.9094,2.9044,0.11033,0,,,,,,,1.6988,0.11033,2.9094
1.0607,2.4542,2.5188,-0.17027,0,,,,,,,1.0607,-0.17027,2.4542
2.0421,1.2436,4.2171,0.90429,0,,,,,,,2.0421,0.90429,1.2436
3.5594,1.3078,1.291,1.6556,0,,,,,,,3.5594,1.6556,1.3078
3.0009,5.8126,-2.2306,-0.66553,0,,,,,,,3.0009,-0.66553,5.8126
3.9294,1.4112,1.8076,0.89782,0,,,,,,,3.9294,0.89782,1.4112
3.4667,-4.0724,4.2882,1.5418,0,,,,,,,3.4667,1.5418,-4.0724
3.966,3.9213,0.70574,0.33662,0,,,,,,,3.966,0.33662,3.9213
1.0191,2.33,4.9334,0.82929,0,,,,,,,1.0191,0.82929,2.33
0.96414,5.616,2.2138,-0.12501,0,,,,,,,0.96414,-0.12501,5.616
1.8205,6.7562,0.0099913,0.39481,0,,,,,,,1.8205,0.39481,6.7562
4.9923,7.8653,-2.3515,-0.71984,0,,,,,,,4.9923,-0.71984,7.8653
-1.1804,11.5093,0.15565,-6.8194,0,,,,,,,-1.1804,-6.8194,11.5093
4.0329,0.23175,0.89082,1.1823,0,,,,,,,4.0329,1.1823,0.23175
0.66018,10.3878,-1.4029,-3.9151,0,,,,,,,0.66018,-3.9151,10.3878
3.5982,7.1307,-1.3035,0.21248,0,,,,,,,3.5982,0.21248,7.1307
-1.8584,7.886,-1.6643,-1.8384,0,,,,,,,-1.8584,-1.8384,7.886
4.0972,0.46972,1.6671,0.91593,0,,,,,,,4.0972,0.91593,0.46972
3.3299,0.91254,1.5806,0.39352,0,,,,,,,3.3299,0.39352,0.91254
3.1088,3.1122,0.80857,0.4336,0,,,,,,,3.1088,0.4336,3.1122
-4.2859,8.5234,3.1392,-0.91639,0,,,,,,,-4.2859,-0.91639,8.5234
-1.2528,10.2036,2.1787,-5.6038,0,,,,,,,-1.2528,-5.6038,10.2036
0.5195,-3.2633,3.0895,-0.9849,0,,,,,,,0.5195,-0.9849,-3.2633
0.3292,-4.4552,4.5718,-0.9888,0,,,,,,,0.3292,-0.9888,-4.4552
0.88872,5.3449,2.045,-0.19355,0,,,,,,,0.88872,-0.19355,5.3449
3.5458,9.3718,-4.0351,-3.9564,0,,,,,,,3.5458,-3.9564,9.3718
-0.21661,8.0329,1.8848,-3.8853,0,,,,,,,-0.21661,-3.8853,8.0329
2.7206,9.0821,-3.3111,-0.96811,0,,,,,,,2.7206,-0.96811,9.0821
3.2051,8.6889,-2.9033,-0.7819,0,,,,,,,3.2051,-0.7819,8.6889
2.6917,10.8161,-3.3,-4.2888,0,,,,,,,2.6917,-4.2888,10.8161
-2.3242,11.5176,1.8231,-5.375,0,,,,,,,-2.3242,-5.375,11.5176
2.7161,-4.2006,4.1914,0.16981,0,,,,,,,2.7161,0.16981,-4.2006
3.3848,3.2674,0.90967,0.25128,0,,,,,,,3.3848,0.25128,3.2674
1.7452,4.8028,2.0878,0.62627,0,,,,,,,1.7452,0.62627,4.8028
2.805,0.57732,1.3424,1.2133,0,,,,,,,2.805,1.2133,0.57732
5.7823,5.5788,-2.4089,-0.056479,0,,,,,,,5.7823,-0.056479,5.5788
3.8999,1.734,1.6011,0.96765,0,,,,,,,3.8999,0.96765,1.734
3.5189,6.332,-1.7791,-0.020273,0,,,,,,,3.5189,-0.020273,6.332
3.2294,7.7391,-0.37816,-2.5405,0,,,,,,,3.2294,-2.5405,7.7391
3.4985,3.1639,0.22677,-0.1651,0,,,,,,,3.4985,-0.1651,3.1639
2.1948,1.3781,1.1582,0.85774,0,,,,,,,2.1948,0.85774,1.3781
2.2526,9.9636,-3.1749,-2.9944,0,,,,,,,2.2526,-2.9944,9.9636
4.1529,-3.9358,2.8633,-0.017686,0,,,,,,,4.1529,-0.017686,-3.9358
0.74307,11.17,-1.3824,-4.0728,0,,,,,,,0.74307,-4.0728,11.17
1.9105,8.871,-2.3386,-0.75604,0,,,,,,,1.9105,-0.75604,8.871
-1.5055,0.070346,6.8681,-0.50648,0,,,,,,,-1.5055,-0.50648,0.070346
0.58836,10.7727,-1.3884,-4.3276,0,,,,,,,0.58836,-4.3276,10.7727
3.2303,7.8384,-3.5348,-1.2151,0,,,,,,,3.2303,-1.2151,7.8384
-1.9922,11.6542,2.6542,-5.2107,0,,,,,,,-1.9922,-5.2107,11.6542
2.8523,9.0096,-3.761,-3.3371,0,,,,,,,2.8523,-3.3371,9.0096
4.2772,2.4955,0.48554,0.36119,0,,,,,,,4.2772,0.36119,2.4955
1.5099,0.039307,6.2332,-0.30346,0,,,,,,,1.5099,-0.30346,0.039307
5.4188,10.1457,-4.084,-3.6991,0,,,,,,,5.4188,-3.6991,10.1457
0.86202,2.6963,4.2908,0.54739,0,,,,,,,0.86202,0.54739,2.6963
3.8117,10.1457,-4.0463,-4.5629,0,,,,,,,3.8117,-4.5629,10.1457
0.54777,10.3754,-1.5435,-4.1633,0,,,,,,,0.54777,-4.1633,10.3754
2.3718,7.4908,0.015989,-1.7414,0,,,,,,,2.3718,-1.7414,7.4908
-2.4953,11.1472,1.9353,-3.4638,0,,,,,,,-2.4953,-3.4638,11.1472
4.6361,-2.6611,2.8358,1.1991,0,,,,,,,4.6361,1.1991,-2.6611
-2.2527,11.5321,2.5899,-3.2737,0,,,,,,,-2.2527,-3.2737,11.5321
3.7982,10.423,-4.1602,-4.9728,0,,,,,,,3.7982,-4.9728,10.423
-0.36279,8.2895,-1.9213,-3.3332,0,,,,,,,-0.36279,-3.3332,8.2895
2.1265,6.8783,0.44784,-2.2224,0,,,,,,,2.1265,-2.2224,6.8783
0.86736,5.5643,1.6765,-0.16769,0,,,,,,,0.86736,-0.16769,5.5643
3.7831,10.0526,-3.8869,-3.7366,0,,,,,,,3.7831,-3.7366,10.0526
-2.2623,12.1177,0.28846,-7.7581,0,,,,,,,-2.2623,-7.7581,12.1177
1.2616,4.4303,-1.3335,-1.7517,0,,,,,,,1.2616,-1.7517,4.4303
2.6799,3.1349,0.34073,0.58489,0,,,,,,,2.6799,0.58489,3.1349
-0.39816,5.9781,1.3912,-1.1621,0,,,,,,,-0.39816,-1.1621,5.9781
4.3937,0.35798,2.0416,1.2004,0,,,,,,,4.3937,1.2004,0.35798
2.9695,5.6222,0.27561,-1.1556,0,,,,,,,2.9695,-1.1556,5.6222
1.3049,-0.15521,6.4911,-0.75346,0,,,,,,,1.3049,-0.75346,-0.15521
2.2123,-5.8395,7.7687,-0.85302,0,,,,,,,2.2123,-0.85302,-5.8395
1.9647,6.9383,0.57722,0.66377,0,,,,,,,1.9647,0.66377,6.9383
3.0864,-2.5845,2.2309,0.30947,0,,,,,,,3.0864,0.30947,-2.5845
0.3798,0.7098,0.7572,-0.4444,0,,,,,,,0.3798,-0.4444,0.7098
0.58982,7.4266,1.2353,-2.9595,0,,,,,,,0.58982,-2.9595,7.4266
0.14783,7.946,1.0742,-3.3409,0,,,,,,,0.14783,-3.3409,7.946
-0.062025,6.1975,1.099,-1.131,0,,,,,,,-0.062025,-1.131,6.1975
4.223,1.1319,0.72202,0.96118,0,,,,,,,4.223,0.96118,1.1319
0.64295,7.1018,0.3493,-0.41337,0,,,,,,,0.64295,-0.41337,7.1018
1.941,0.46351,4.6472,1.0879,0,,,,,,,1.941,1.0879,0.46351
4.0047,0.45937,1.3621,1.6181,0,,,,,,,4.0047,1.6181,0.45937
3.7767,9.7794,-3.9075,-3.5323,0,,,,,,,3.7767,-3.5323,9.7794
3.4769,-0.15314,2.53,2.4495,0,,,,,,,3.4769,2.4495,-0.15314
1.9818,9.2621,-3.521,-1.872,0,,,,,,,1.9818,-1.872,9.2621
3.8023,-3.8696,4.044,0.95343,0,,,,,,,3.8023,0.95343,-3.8696
4.3483,11.1079,-4.0857,-4.2539,0,,,,,,,4.3483,-4.2539,11.1079
1.1518,1.3864,5.2727,-0.43536,0,,,,,,,1.1518,-0.43536,1.3864
-1.2576,1.5892,7.0078,0.42455,0,,,,,,,-1.2576,0.42455,1.5892
1.9572,-5.1153,8.6127,-1.4297,0,,,,,,,1.9572,-1.4297,-5.1153
-2.484,12.1611,2.8204,-3.7418,0,,,,,,,-2.484,-3.7418,12.1611
-1.1497,1.2954,7.701,0.62627,0,,,,,,,-1.1497,0.62627,1.2954
4.8368,10.0132,-4.3239,-4.3276,0,,,,,,,4.8368,-4.3276,10.0132
-0.12196,8.8068,0.94566,-4.2267,0,,,,,,,-0.12196,-4.2267,8.8068
1.9429,6.3961,0.092248,0.58102,0,,,,,,,1.9429,0.58102,6.3961
1.742,-4.809,8.2142,-2.0659,0,,,,,,,1.742,-2.0659,-4.809
-1.5222,10.8409,2.7827,-4.0974,0,,,,,,,-1.5222,-4.0974,10.8409
-1.3,10.2678,-2.953,-5.8638,0,,,,,,,-1.3,-5.8638,10.2678
3.4246,-0.14693,0.80342,0.29136,0,,,,,,,3.4246,0.29136,-0.14693
2.5503,-4.9518,6.3729,-0.41596,0,,,,,,,2.5503,-0.41596,-4.9518
1.5691,6.3465,-0.1828,-2.4099,0,,,,,,,1.5691,-2.4099,6.3465
1.3087,4.9228,2.0013,0.22024,0,,,,,,,1.3087,0.22024,4.9228
5.1776,8.2316,-3.2511,-1.5694,0,,,,,,,5.1776,-1.5694,8.2316
2.229,9.6325,-3.1123,-2.7164,0,,,,,,,2.229,-2.7164,9.6325
5.6272,10.0857,-4.2931,-3.8142,0,,,,,,,5.6272,-3.8142,10.0857
1.2138,8.7986,-2.1672,-0.74182,0,,,,,,,1.2138,-0.74182,8.7986
0.3798,0.7098,0.7572,-0.4444,0,,,,,,,0.3798,-0.4444,0.7098
0.5415,6.0319,1.6825,-0.46122,0,,,,,,,0.5415,-0.46122,6.0319
4.0524,5.6802,-1.9693,0.026279,0,,,,,,,4.0524,0.026279,5.6802
4.7285,2.1065,-0.28305,1.5625,0,,,,,,,4.7285,1.5625,2.1065
3.4359,0.66216,2.1041,1.8922,0,,,,,,,3.4359,1.8922,0.66216
0.86816,10.2429,-1.4912,-4.0082,0,,,,,,,0.86816,-4.0082,10.2429
3.359,9.8022,-3.8209,-3.7133,0,,,,,,,3.359,-3.7133,9.8022
3.6702,2.9942,0.85141,0.30688,0,,,,,,,3.6702,0.30688,2.9942
1.3349,6.1189,0.46497,0.49826,0,,,,,,,1.3349,0.49826,6.1189
3.1887,-3.4143,2.7742,-0.2026,0,,,,,,,3.1887,-0.2026,-3.4143
2.4527,2.9653,0.20021,-0.056479,0,,,,,,,2.4527,-0.056479,2.9653
3.9121,2.9735,0.92852,0.60558,0,,,,,,,3.9121,0.60558,2.9735
3.9364,10.5885,-3.725,-4.3133,0,,,,,,,3.9364,-4.3133,10.5885
3.9414,-3.2902,3.1674,1.0866,0,,,,,,,3.9414,1.0866,-3.2902
3.6922,-3.9585,4.3439,1.3517,0,,,,,,,3.6922,1.3517,-3.9585
5.681,7.795,-2.6848,-0.92544,0,,,,,,,5.681,-0.92544,7.795
0.77124,9.0862,-1.2281,-1.4996,0,,,,,,,0.77124,-1.4996,9.0862
3.5761,9.7753,-3.9795,-3.4638,0,,,,,,,3.5761,-3.4638,9.7753
1.602,6.1251,0.52924,0.47886,0,,,,,,,1.602,0.47886,6.1251
2.6682,10.216,-3.4414,-4.0069,0,,,,,,,2.6682,-4.0069,10.216
2.0007,1.8644,2.6491,0.47369,0,,,,,,,2.0007,0.47369,1.8644
0.64215,3.1287,4.2933,0.64696,0,,,,,,,0.64215,0.64696,3.1287
4.3848,-3.0729,3.0423,1.2741,0,,,,,,,4.3848,1.2741,-3.0729
0.77445,9.0552,-2.4089,-1.3884,0,,,,,,,0.77445,-1.3884,9.0552
0.96574,8.393,-1.361,-1.4659,0,,,,,,,0.96574,-1.4659,8.393
3.0948,8.7324,-2.9007,-0.96682,0,,,,,,,3.0948,-0.96682,8.7324
4.9362,7.6046,-2.3429,-0.85302,0,,,,,,,4.9362,-0.85302,7.6046
-1.9458,11.2217,1.9079,-3.4405,0,,,,,,,-1.9458,-3.4405,11.2217
5.7403,-0.44284,0.38015,1.3763,0,,,,,,,5.7403,1.3763,-0.44284
-2.6989,12.1984,0.67661,-8.5482,0,,,,,,,-2.6989,-8.5482,12.1984
1.1472,3.5985,1.9387,-0.43406,0,,,,,,,1.1472,-0.43406,3.5985
2.9742,8.96,-2.9024,-1.0379,0,,,,,,,2.9742,-1.0379,8.96
4.5707,7.2094,-3.2794,-1.4944,0,,,,,,,4.5707,-1.4944,7.2094
0.1848,6.5079,2.0133,-0.87242,0,,,,,,,0.1848,-0.87242,6.5079
0.87256,9.2931,-0.7843,-2.1978,0,,,,,,,0.87256,-2.1978,9.2931
0.39559,6.8866,1.0588,-0.67587,0,,,,,,,0.39559,-0.67587,6.8866
3.8384,6.1851,-2.0439,-0.033204,0,,,,,,,3.8384,-0.033204,6.1851
2.8209,7.3108,-0.81857,-1.8784,0,,,,,,,2.8209,-1.8784,7.3108
2.5817,9.7546,-3.1749,-2.9957,0,,,,,,,2.5817,-2.9957,9.7546
3.8213,0.23175,2.0133,2.0564,0,,,,,,,3.8213,2.0564,0.23175
0.3798,0.7098,0.7572,-0.4444,0,,,,,,,0.3798,-0.4444,0.7098
3.4893,6.69,-1.2042,-0.38751,0,,,,,,,3.4893,-0.38751,6.69
-1.7781,0.8546,7.1303,0.027572,0,,,,,,,-1.7781,0.027572,0.8546
2.0962,2.4769,1.9379,-0.040962,0,,,,,,,2.0962,-0.040962,2.4769
0.94732,-0.57113,7.1903,-0.67587,0,,,,,,,0.94732,-0.67587,-0.57113
2.8261,9.4007,-3.3034,-1.0509,0,,,,,,,2.8261,-1.0509,9.4007
0.0071249,8.3661,0.50781,-3.8155,0,,,,,,,0.0071249,-3.8155,8.3661
0.96788,7.1907,1.2798,-2.4565,0,,,,,,,0.96788,-2.4565,7.1907
4.7432,2.1086,0.1368,1.6543,0,,,,,,,4.7432,1.6543,2.1086
3.6575,7.2797,-2.2692,-1.144,0,,,,,,,3.6575,-1.144,7.2797
3.8832,6.4023,-2.432,-0.98363,0,,,,,,,3.8832,-0.98363,6.4023
3.4776,8.811,-3.1886,-0.92285,0,,,,,,,3.4776,-0.92285,8.811
1.1315,7.9212,1.093,-2.8444,0,,,,,,,1.1315,-2.8444,7.9212
2.8237,2.8597,0.19678,0.57196,0,,,,,,,2.8237,0.57196,2.8597
1.9321,6.0423,0.26019,-2.053,0,,,,,,,1.9321,-2.053,6.0423
3.0632,-3.3315,5.1305,0.8267,0,,,,,,,3.0632,0.8267,-3.3315
-1.8411,10.8306,2.769,-3.0901,0,,,,,,,-1.8411,-3.0901,10.8306
2.8084,11.3045,-3.3394,-4.4194,0,,,,,,,2.8084,-4.4194,11.3045
2.5698,-4.4076,5.9856,0.078002,0,,,,,,,2.5698,0.078002,-4.4076
-0.12624,10.3216,-3.7121,-6.1185,0,,,,,,,-0.12624,-6.1185,10.3216
3.3756,-4.0951,4.367,1.0698,0,,,,,,,3.3756,1.0698,-4.0951
-0.048008,-1.6037,8.4756,0.75558,0,,,,,,,-0.048008,0.75558,-1.6037
0.5706,-0.0248,1.2421,-0.5621,0,,,,,,,0.5706,-0.5621,-0.0248
0.88444,6.5906,0.55837,-0.44182,0,,,,,,,0.88444,-0.44182,6.5906
3.8644,3.7061,0.70403,0.35214,0,,,,,,,3.8644,0.35214,3.7061
1.2999,2.5762,2.0107,-0.18967,0,,,,,,,1.2999,-0.18967,2.5762
2.0051,-6.8638,8.132,-0.2401,0,,,,,,,2.0051,-0.2401,-6.8638
4.9294,0.27727,0.20792,0.33662,0,,,,,,,4.9294,0.33662,0.27727
2.8297,6.3485,-0.73546,-0.58665,0,,,,,,,2.8297,-0.58665,6.3485
2.565,8.633,-2.9941,-1.3082,0,,,,,,,2.565,-1.3082,8.633
2.093,8.3061,0.022844,-3.2724,0,,,,,,,2.093,-3.2724,8.3061
4.6014,5.6264,-2.1235,0.19309,0,,,,,,,4.6014,0.19309,5.6264
5.0617,-0.35799,0.44698,0.99868,0,,,,,,,5.0617,0.99868,-0.35799
-0.2951,9.0489,-0.52725,-2.0789,0,,,,,,,-0.2951,-2.0789,9.0489
3.577,2.4004,1.8908,0.73231,0,,,,,,,3.577,0.73231,2.4004
3.9433,2.5017,1.5215,0.903,0,,,,,,,3.9433,0.903,2.5017
2.6648,10.754,-3.3994,-4.1685,0,,,,,,,2.6648,-4.1685,10.754
5.9374,6.1664,-2.5905,-0.36553,0,,,,,,,5.9374,-0.36553,6.1664
2.0153,1.8479,3.1375,0.42843,0,,,,,,,2.0153,0.42843,1.8479
5.8782,5.9409,-2.8544,-0.60863,0,,,,,,,5.8782,-0.60863,5.9409
-2.3983,12.606,2.9464,-5.7888,0,,,,,,,-2.3983,-5.7888,12.606
1.762,4.3682,2.1384,0.75429,0,,,,,,,1.762,0.75429,4.3682
4.2406,-2.4852,1.608,0.7155,0,,,,,,,4.2406,0.7155,-2.4852
3.4669,6.87,-1.0568,-0.73147,0,,,,,,,3.4669,-0.73147,6.87
3.1896,5.7526,-0.18537,-0.30087,0,,,,,,,3.1896,-0.30087,5.7526
0.81356,9.1566,-2.1492,-4.1814,0,,,,,,,0.81356,-4.1814,9.1566
0.52855,0.96427,4.0243,-1.0483,0,,,,,,,0.52855,-1.0483,0.96427
2.1319,-2.0403,2.5574,-0.061652,0,,,,,,,2.1319,-0.061652,-2.0403
0.33111,4.5731,2.057,-0.18967,0,,,,,,,0.33111,-0.18967,4.5731
1.2746,8.8172,-1.5323,-1.7957,0,,,,,,,1.2746,-1.7957,8.8172
2.2091,7.4556,-1.3284,-3.3021,0,,,,,,,2.2091,-3.3021,7.4556
2.5328,7.528,-0.41929,-2.6478,0,,,,,,,2.5328,-2.6478,7.528
3.6244,1.4609,1.3501,1.9284,0,,,,,,,3.6244,1.9284,1.4609
-1.3885,12.5026,0.69118,-7.5487,0,,,,,,,-1.3885,-7.5487,12.5026
5.7227,5.8312,-2.4097,-0.24527,0,,,,,,,5.7227,-0.24527,5.8312
3.3583,10.3567,-3.7301,-3.6991,0,,,,,,,3.3583,-3.6991,10.3567
2.5227,2.2369,2.7236,0.79438,0,,,,,,,2.5227,0.79438,2.2369
0.045304,6.7334,1.0708,-0.9332,0,,,,,,,0.045304,-0.9332,6.7334
4.8278,7.7598,-2.4491,-1.2216,0,,,,,,,4.8278,-1.2216,7.7598
1.9476,-4.7738,8.527,-1.8668,0,,,,,,,1.9476,-1.8668,-4.7738
2.7659,0.66216,4.1494,-0.28406,0,,,,,,,2.7659,-0.28406,0.66216
-0.10648,-0.76771,7.7575,0.64179,0,,,,,,,-0.10648,0.64179,-0.76771
0.72252,-0.053811,5.6703,-1.3509,0,,,,,,,0.72252,-1.3509,-0.053811
4.2475,1.4816,-0.48355,0.95343,0,,,,,,,4.2475,0.95343,1.4816
3.9772,0.33521,2.2566,2.1625,0,,,,,,,3.9772,2.1625,0.33521
3.6667,4.302,0.55923,0.33791,0,,,,,,,3.6667,0.33791,4.302
2.8232,10.8513,-3.1466,-3.9784,0,,,,,,,2.8232,-3.9784,10.8513
-1.4217,11.6542,-0.057699,-7.1025,0,,,,,,,-1.4217,-7.1025,11.6542
4.2458,1.1981,0.66633,0.94696,0,,,,,,,4.2458,0.94696,1.1981
4.1038,-4.8069,3.3491,-0.49225,0,,,,,,,4.1038,-0.49225,-4.8069
1.4507,8.7903,-2.2324,-0.65259,0,,,,,,,1.4507,-0.65259,8.7903
3.4647,-3.9172,3.9746,0.36119,0,,,,,,,3.4647,0.36119,-3.9172
1.8533,6.1458,1.0176,-2.0401,0,,,,,,,1.8533,-2.0401,6.1458
3.5288,0.71596,1.9507,1.9375,0,,,,,,,3.5288,1.9375,0.71596
3.9719,1.0367,0.75973,1.0013,0,,,,,,,3.9719,1.0013,1.0367
3.534,9.3614,-3.6316,-1.2461,0,,,,,,,3.534,-1.2461,9.3614
3.6894,9.887,-4.0788,-4.3664,0,,,,,,,3.6894,-4.3664,9.887
3.0672,-4.4117,3.8238,-0.81682,0,,,,,,,3.0672,-0.81682,-4.4117
2.6463,-4.8152,6.3549,0.003003,0,,,,,,,2.6463,0.003003,-4.8152
2.2893,3.733,0.6312,-0.39786,0,,,,,,,2.2893,-0.39786,3.733
1.5673,7.9274,-0.056842,-2.1694,0,,,,,,,1.5673,-2.1694,7.9274
4.0405,0.51524,1.0279,1.106,0,,,,,,,4.0405,1.106,0.51524
4.3846,-4.8794,3.3662,-0.029324,0,,,,,,,4.3846,-0.029324,-4.8794
2.0165,-0.25246,5.1707,1.0763,0,,,,,,,2.0165,1.0763,-0.25246
4.0446,11.1741,-4.3582,-4.7401,0,,,,,,,4.0446,-4.7401,11.1741
-0.33729,-0.64976,7.6659,0.72326,0,,,,,,,-0.33729,0.72326,-0.64976
-2.4604,12.7302,0.91738,-7.6418,0,,,,,,,-2.4604,-7.6418,12.7302
4.1195,10.9258,-3.8929,-4.1802,0,,,,,,,4.1195,-4.1802,10.9258
2.0193,0.82356,4.6369,1.4202,0,,,,,,,2.0193,1.4202,0.82356
1.5701,7.9129,0.29018,-2.1953,0,,,,,,,1.5701,-2.1953,7.9129
2.6415,7.586,-0.28562,-1.6677,0,,,,,,,2.6415,-1.6677,7.586
5.0214,8.0764,-3.0515,-1.7155,0,,,,,,,5.0214,-1.7155,8.0764
4.3435,3.3295,0.83598,0.64955,0,,,,,,,4.3435,0.64955,3.3295
1.8238,-6.7748,8.3873,-0.54139,0,,,,,,,1.8238,-0.54139,-6.7748
3.9382,0.9291,0.78543,0.6767,0,,,,,,,3.9382,0.6767,0.9291
2.2517,-5.1422,4.2916,-1.2487,0,,,,,,,2.2517,-1.2487,-5.1422
5.504,10.3671,-4.413,-4.0211,0,,,,,,,5.504,-4.0211,10.3671
2.8521,9.171,-3.6461,-1.2047,0,,,,,,,2.8521,-1.2047,9.171
1.1676,9.1566,-2.0867,-0.80647,0,,,,,,,1.1676,-0.80647,9.1566
2.6104,8.0081,-0.23592,-1.7608,0,,,,,,,2.6104,-1.7608,8.0081
0.32444,10.067,-1.1982,-4.1284,0,,,,,,,0.32444,-4.1284,10.067
3.8962,-4.7904,3.3954,-0.53751,0,,,,,,,3.8962,-0.53751,-4.7904
2.1752,-0.8091,5.1022,-0.67975,0,,,,,,,2.1752,-0.67975,-0.8091
1.1588,8.9331,-2.0807,-1.1272,0,,,,,,,1.1588,-1.1272,8.9331
4.7072,8.2957,-2.5605,-1.4905,0,,,,,,,4.7072,-1.4905,8.2957
-1.9667,11.8052,-0.40472,-7.8719,0,,,,,,,-1.9667,-7.8719,11.8052
4.0552,0.40143,1.4563,0.65343,0,,,,,,,4.0552,0.65343,0.40143
2.3678,-6.839,8.4207,-0.44829,0,,,,,,,2.3678,-0.44829,-6.839
0.33565,6.8369,0.69718,-0.55691,0,,,,,,,0.33565,-0.55691,6.8369
4.3398,-5.3036,3.8803,-0.70432,0,,,,,,,4.3398,-0.70432,-5.3036
1.5456,8.5482,0.4187,-2.1784,0,,,,,,,1.5456,-2.1784,8.5482
1.4276,8.3847,-2.0995,-1.9677,0,,,,,,,1.4276,-1.9677,8.3847
-0.27802,8.1881,-3.1338,-2.5276,0,,,,,,,-0.27802,-2.5276,8.1881
0.93611,8.6413,-1.6351,-1.3043,0,,,,,,,0.93611,-1.3043,8.6413
4.6352,-3.0087,2.6773,1.212,0,,,,,,,4.6352,1.212,-3.0087
1.5268,-5.5871,8.6564,-1.722,0,,,,,,,1.5268,-1.722,-5.5871
0.95626,2.4728,4.4578,0.21636,0,,,,,,,0.95626,0.21636,2.4728
-2.7914,1.7734,6.7756,-0.39915,0,,,,,,,-2.7914,-0.39915,1.7734
5.2032,3.5116,-1.2538,1.0129,0,,,,,,,5.2032,1.0129,3.5116
3.1836,7.2321,-1.0713,-2.5909,0,,,,,,,3.1836,-2.5909,7.2321
0.65497,5.1815,1.0673,-0.42113,0,,,,,,,0.65497,-0.42113,5.1815
5.6084,10.3009,-4.8003,-4.3534,0,,,,,,,5.6084,-4.3534,10.3009
1.105,7.4432,0.41099,-3.0332,0,,,,,,,1.105,-3.0332,7.4432
3.9292,-2.9156,2.2129,0.30817,0,,,,,,,3.9292,0.30817,-2.9156
1.1558,6.4003,1.5506,0.6961,0,,,,,,,1.1558,0.6961,6.4003
2.5581,2.6218,1.8513,0.40257,0,,,,,,,2.5581,0.40257,2.6218
2.7831,10.9796,-3.557,-4.4039,0,,,,,,,2.7831,-4.4039,10.9796
3.7635,2.7811,0.66119,0.34179,0,,,,,,,3.7635,0.34179,2.7811
-2.6479,10.1374,-1.331,-5.4707,0,,,,,,,-2.6479,-5.4707,10.1374
1.0652,8.3682,-1.4004,-1.6509,0,,,,,,,1.0652,-1.6509,8.3682
-1.4275,11.8797,0.41613,-6.9978,0,,,,,,,-1.4275,-6.9978,11.8797
5.7456,10.1808,-4.7857,-4.3366,0,,,,,,,5.7456,-4.3366,10.1808
5.086,3.2798,-1.2701,1.1189,0,,,,,,,5.086,1.1189,3.2798
3.4092,5.4049,-2.5228,-0.89958,0,,,,,,,3.4092,-0.89958,5.4049
-0.2361,9.3221,2.1307,-4.3793,0,,,,,,,-0.2361,-4.3793,9.3221
3.8197,8.9951,-4.383,-4.0327,0,,,,,,,3.8197,-4.0327,8.9951
-1.1391,1.8127,6.9144,0.70127,0,,,,,,,-1.1391,0.70127,1.8127
4.9249,0.68906,0.77344,1.2095,0,,,,,,,4.9249,1.2095,0.68906
2.5089,6.841,-0.029423,0.44912,0,,,,,,,2.5089,0.44912,6.841
-0.2062,9.2207,-3.7044,-6.8103,0,,,,,,,-0.2062,-6.8103,9.2207
3.946,6.8514,-1.5443,-0.5582,0,,,,,,,3.946,-0.5582,6.8514
-0.278,8.1881,-3.1338,-2.5276,0,,,,,,,-0.278,-2.5276,8.1881
1.8592,3.2074,-0.15966,-0.26208,0,,,,,,,1.8592,-0.26208,3.2074
0.56953,7.6294,1.5754,-3.2233,0,,,,,,,0.56953,-3.2233,7.6294
3.4626,-4.449,3.5427,0.15429,0,,,,,,,3.4626,0.15429,-4.449
3.3951,1.1484,2.1401,2.0862,0,,,,,,,3.3951,2.0862,1.1484
5.0429,-0.52974,0.50439,1.106,0,,,,,,,5.0429,1.106,-0.52974
3.7758,7.1783,-1.5195,0.40128,0,,,,,,,3.7758,0.40128,7.1783
4.6562,7.6398,-2.4243,-1.2384,0,,,,,,,4.6562,-1.2384,7.6398
4.0948,-2.9674,2.3689,0.75429,0,,,,,,,4.0948,0.75429,-2.9674
1.8384,6.063,0.54723,0.51248,0,,,,,,,1.8384,0.51248,6.063
2.0153,0.43661,4.5864,-0.3151,0,,,,,,,2.0153,-0.3151,0.43661
3.5251,0.7201,1.6928,0.64438,0,,,,,,,3.5251,0.64438,0.7201
3.757,-5.4236,3.8255,-1.2526,0,,,,,,,3.757,-1.2526,-5.4236
2.5989,3.5178,0.7623,0.81119,0,,,,,,,2.5989,0.81119,3.5178
1.8994,0.97462,4.2265,0.81377,0,,,,,,,1.8994,0.81377,0.97462
3.6941,-3.9482,4.2625,1.1577,0,,,,,,,3.6941,1.1577,-3.9482
4.4295,-2.3507,1.7048,0.90946,0,,,,,,,4.4295,0.90946,-2.3507
6.8248,5.2187,-2.5425,0.5461,0,,,,,,,6.8248,0.5461,5.2187
1.8967,-2.5163,2.8093,-0.79742,0,,,,,,,1.8967,-0.79742,-2.5163
2.1526,-6.1665,8.0831,-0.34355,0,,,,,,,2.1526,-0.34355,-6.1665
3.3004,7.0811,-1.3258,0.22283,0,,,,,,,3.3004,0.22283,7.0811
2.7213,7.05,-0.58808,0.41809,0,,,,,,,2.7213,0.41809,7.05
3.8846,-3.0336,2.5334,0.20214,0,,,,,,,3.8846,0.20214,-3.0336
4.1665,-0.4449,0.23448,0.27843,0,,,,,,,4.1665,0.27843,-0.4449
0.94225,5.8561,1.8762,-0.32544,0,,,,,,,0.94225,-0.32544,5.8561
5.1321,-0.031048,0.32616,1.1151,0,,,,,,,5.1321,1.1151,-0.031048
0.38251,6.8121,1.8128,-0.61251,0,,,,,,,0.38251,-0.61251,6.8121
3.0333,-2.5928,2.3183,0.303,0,,,,,,,3.0333,0.303,-2.5928
2.9233,6.0464,-0.11168,-0.58665,0,,,,,,,2.9233,-0.58665,6.0464
1.162,10.2926,-1.2821,-4.0392,0,,,,,,,1.162,-4.0392,10.2926
3.7791,2.5762,1.3098,0.5655,0,,,,,,,3.7791,0.5655,2.5762
0.77765,5.9781,1.1941,-0.3526,0,,,,,,,0.77765,-0.3526,5.9781
-0.38388,-1.0471,8.0514,0.49567,0,,,,,,,-0.38388,0.49567,-1.0471
0.21084,9.4359,-0.094543,-1.859,0,,,,,,,0.21084,-1.859,9.4359
2.9571,-4.5938,5.9068,0.57196,0,,,,,,,2.9571,0.57196,-4.5938
4.6439,-3.3729,2.5976,0.55257,0,,,,,,,4.6439,0.55257,-3.3729
3.3577,-4.3062,6.0241,0.18274,0,,,,,,,3.3577,0.18274,-4.3062
3.5127,2.9073,1.0579,0.40774,0,,,,,,,3.5127,0.40774,2.9073
2.6562,10.7044,-3.3085,-4.0767,0,,,,,,,2.6562,-4.0767,10.7044
-1.3612,10.694,1.7022,-2.9026,0,,,,,,,-1.3612,-2.9026,10.694
-0.278,8.1881,-3.1338,-2.5276,0,,,,,,,-0.278,-2.5276,8.1881
1.04,-6.9321,8.2888,-1.2991,0,,,,,,,1.04,-1.2991,-6.9321
2.1881,2.7356,1.3278,-0.1832,0,,,,,,,2.1881,-0.1832,2.7356
4.2756,-2.6528,2.1375,0.94437,0,,,,,,,4.2756,0.94437,-2.6528
-0.11996,6.8741,0.91995,-0.6694,0,,,,,,,-0.11996,-0.6694,6.8741
2.9736,8.7944,-3.6359,-1.3754,0,,,,,,,2.9736,-1.3754,8.7944
3.7798,-3.3109,2.6491,0.066365,0,,,,,,,3.7798,0.066365,-3.3109
5.3586,3.7557,-1.7345,1.0789,0,,,,,,,5.3586,1.0789,3.7557
1.8373,6.1292,0.84027,0.55257,0,,,,,,,1.8373,0.55257,6.1292
1.2262,0.89599,5.7568,-0.11596,0,,,,,,,1.2262,-0.11596,0.89599
-0.048008,-0.56078,7.7215,0.453,0,,,,,,,-0.048008,0.453,-0.56078
0.5706,-0.024841,1.2421,-0.56208,0,,,,,,,0.5706,-0.56208,-0.024841
4.3634,0.46351,1.4281,2.0202,0,,,,,,,4.3634,2.0202,0.46351
3.482,-4.1634,3.5008,-0.078462,0,,,,,,,3.482,-0.078462,-4.1634
0.51947,-3.2633,3.0895,-0.98492,0,,,,,,,0.51947,-0.98492,-3.2633
2.3164,-2.628,3.1529,-0.08622,0,,,,,,,2.3164,-0.08622,-2.628
-1.8348,11.0334,3.1863,-4.8888,0,,,,,,,-1.8348,-4.8888,11.0334
1.3754,8.8793,-1.9136,-0.53751,0,,,,,,,1.3754,-0.53751,8.8793
-0.16682,5.8974,0.49839,-0.70044,0,,,,,,,-0.16682,-0.70044,5.8974
0.29961,7.1328,-0.31475,-1.1828,0,,,,,,,0.29961,-1.1828,7.1328
0.25035,9.3262,-3.6873,-6.2543,0,,,,,,,0.25035,-6.2543,9.3262
2.4673,1.3926,1.7125,0.41421,0,,,,,,,2.4673,0.41421,1.3926
0.77805,6.6424,-1.1425,-1.0573,0,,,,,,,0.77805,-1.0573,6.6424
3.4465,2.9508,1.0271,0.5461,0,,,,,,,3.4465,0.5461,2.9508
2.2429,-4.1427,5.2333,-0.40173,0,,,,,,,2.2429,-0.40173,-4.1427
3.7321,-3.884,3.3577,-0.0060486,0,,,,,,,3.7321,-0.0060486,-3.884
4.3365,-3.584,3.6884,0.74912,0,,,,,,,4.3365,0.74912,-3.584
-2.0759,10.8223,2.6439,-4.837,0,,,,,,,-2.0759,-4.837,10.8223
4.0715,7.6398,-2.0824,-1.1698,0,,,,,,,4.0715,-1.1698,7.6398
0.76163,5.8209,1.1959,-0.64613,0,,,,,,,0.76163,-0.64613,5.8209
-0.53966,7.3273,0.46583,-1.4543,0,,,,,,,-0.53966,-1.4543,7.3273
2.6213,5.7919,0.065686,-1.5759,0,,,,,,,2.6213,-1.5759,5.7919
3.0242,-3.3378,2.5865,-0.54785,0,,,,,,,3.0242,-0.54785,-3.3378
5.8519,5.3905,-2.4037,-0.061652,0,,,,,,,5.8519,-0.061652,5.3905
0.5706,-0.0248,1.2421,-0.5621,0,,,,,,,0.5706,-0.5621,-0.0248
3.9771,11.1513,-3.9272,-4.3444,0,,,,,,,3.9771,-4.3444,11.1513
1.5478,9.1814,-1.6326,-1.7375,0,,,,,,,1.5478,-1.7375,9.1814
0.74054,0.36625,2.1992,0.48403,0,,,,,,,0.74054,0.48403,0.36625
0.49571,10.2243,-1.097,-4.0159,0,,,,,,,0.49571,-4.0159,10.2243
1.645,7.8612,-0.87598,-3.5569,0,,,,,,,1.645,-3.5569,7.8612
3.6077,6.8576,-1.1622,0.28231,0,,,,,,,3.6077,0.28231,6.8576
3.2403,-3.7082,5.2804,0.41291,0,,,,,,,3.2403,0.41291,-3.7082
3.9166,10.2491,-4.0926,-4.4659,0,,,,,,,3.9166,-4.4659,10.2491
3.9262,6.0299,-2.0156,-0.065531,0,,,,,,,3.9262,-0.065531,6.0299
5.591,10.4643,-4.3839,-4.3379,0,,,,,,,5.591,-4.3379,10.4643
3.7522,-3.6978,3.9943,1.3051,0,,,,,,,3.7522,1.3051,-3.6978
1.3114,4.5462,2.2935,0.22541,0,,,,,,,1.3114,0.22541,4.5462
3.7022,6.9942,-1.8511,-0.12889,0,,,,,,,3.7022,-0.12889,6.9942
4.364,-3.1039,2.3757,0.78532,0,,,,,,,4.364,0.78532,-3.1039
3.5829,1.4423,1.0219,1.4008,0,,,,,,,3.5829,1.4008,1.4423
4.65,-4.8297,3.4553,-0.25174,0,,,,,,,4.65,-0.25174,-4.8297
5.1731,3.9606,-1.983,0.40774,0,,,,,,,5.1731,0.40774,3.9606
3.2692,3.4184,0.20706,-0.066824,0,,,,,,,3.2692,-0.066824,3.4184
2.4012,1.6223,3.0312,0.71679,0,,,,,,,2.4012,0.71679,1.6223
1.7257,-4.4697,8.2219,-1.8073,0,,,,,,,1.7257,-1.8073,-4.4697
4.7965,6.9859,-1.9967,-0.35001,0,,,,,,,4.7965,-0.35001,6.9859
4.0962,10.1891,-3.9323,-4.1827,0,,,,,,,4.0962,-4.1827,10.1891
2.5559,3.3605,2.0321,0.26809,0,,,,,,,2.5559,0.26809,3.3605
3.4916,8.5709,-3.0326,-0.59182,0,,,,,,,3.4916,-0.59182,8.5709
0.5195,-3.2633,3.0895,-0.9849,0,,,,,,,0.5195,-0.9849,-3.2633
2.9856,7.2673,-0.409,-2.2431,0,,,,,,,2.9856,-2.2431,7.2673
4.0932,5.4132,-1.8219,0.23576,0,,,,,,,4.0932,0.23576,5.4132
1.7748,-0.76978,5.5854,1.3039,0,,,,,,,1.7748,1.3039,-0.76978
5.2012,0.32694,0.17965,1.1797,0,,,,,,,5.2012,1.1797,0.32694
-0.45062,-1.3678,7.0858,-0.40303,0,,,,,,,-0.45062,-0.40303,-1.3678
4.8451,8.1116,-2.9512,-1.4724,0,,,,,,,4.8451,-1.4724,8.1116
0.74841,7.2756,1.1504,-0.5388,0,,,,,,,0.74841,-0.5388,7.2756
5.1213,8.5565,-3.3917,-1.5474,0,,,,,,,5.1213,-1.5474,8.5565
3.6181,-3.7454,2.8273,-0.71208,0,,,,,,,3.6181,-0.71208,-3.7454
0.040498,8.5234,1.4461,-3.9306,0,,,,,,,0.040498,-3.9306,8.5234
-2.6479,10.1374,-1.331,-5.4707,0,,,,,,,-2.6479,-5.4707,10.1374
0.37984,0.70975,0.75716,-0.44441,0,,,,,,,0.37984,-0.44441,0.70975
-0.95923,0.091039,6.2204,-1.4828,0,,,,,,,-0.95923,-1.4828,0.091039
2.8672,10.0008,-3.2049,-3.1095,0,,,,,,,2.8672,-3.1095,10.0008
1.0182,9.109,-0.62064,-1.7129,0,,,,,,,1.0182,-1.7129,9.109
-2.7143,11.4535,2.1092,-3.9629,0,,,,,,,-2.7143,-3.9629,11.4535
3.8244,-3.1081,2.4537,0.52024,0,,,,,,,3.8244,0.52024,-3.1081
2.7961,2.121,1.8385,0.38317,0,,,,,,,2.7961,0.38317,2.121
3.5358,6.7086,-0.81857,0.47886,0,,,,,,,3.5358,0.47886,6.7086
-0.7056,8.7241,2.2215,-4.5965,0,,,,,,,-0.7056,-4.5965,8.7241
4.1542,7.2756,-2.4766,-1.2099,0,,,,,,,4.1542,-1.2099,7.2756
0.92703,9.4318,-0.66263,-1.6728,0,,,,,,,0.92703,-1.6728,9.4318
1.8216,-6.4748,8.0514,-0.41855,0,,,,,,,1.8216,-0.41855,-6.4748
-2.4473,12.6247,0.73573,-7.6612,0,,,,,,,-2.4473,-7.6612,12.6247
3.5862,-3.0957,2.8093,0.24481,0,,,,,,,3.5862,0.24481,-3.0957
0.66191,9.6594,-0.28819,-1.6638,0,,,,,,,0.66191,-1.6638,9.6594
4.7926,1.7071,-0.051701,1.4926,0,,,,,,,4.7926,1.4926,1.7071
4.9852,8.3516,-2.5425,-1.2823,0,,,,,,,4.9852,-1.2823,8.3516
0.75736,3.0294,2.9164,-0.068117,0,,,,,,,0.75736,-0.068117,3.0294
4.6499,7.6336,-1.9427,-0.37458,0,,,,,,,4.6499,-0.37458,7.6336
-0.023579,7.1742,0.78457,-0.75734,0,,,,,,,-0.023579,-0.75734,7.1742
0.85574,0.0082678,6.6042,-0.53104,0,,,,,,,0.85574,-0.53104,0.0082678
0.88298,0.66009,6.0096,-0.43277,0,,,,,,,0.88298,-0.43277,0.66009
4.0422,-4.391,4.7466,1.137,0,,,,,,,4.0422,1.137,-4.391
2.2546,8.0992,-0.24877,-3.2698,0,,,,,,,2.2546,-3.2698,8.0992
0.38478,6.5989,-0.3336,-0.56466,0,,,,,,,0.38478,-0.56466,6.5989
3.1541,-5.1711,6.5991,0.57455,0,,,,,,,3.1541,0.57455,-5.1711
2.3969,0.23589,4.8477,1.437,0,,,,,,,2.3969,1.437,0.23589
4.7114,2.0755,-0.2702,1.2379,0,,,,,,,4.7114,1.2379,2.0755
4.0127,10.1477,-3.9366,-4.0728,0,,,,,,,4.0127,-4.0728,10.1477
2.6606,3.1681,1.9619,0.18662,0,,,,,,,2.6606,0.18662,3.1681
3.931,1.8541,-0.023425,1.2314,0,,,,,,,3.931,1.2314,1.8541
0.01727,8.693,1.3989,-3.9668,0,,,,,,,0.01727,-3.9668,8.693
3.2414,0.40971,1.4015,1.1952,0,,,,,,,3.2414,1.1952,0.40971
2.2504,3.5757,0.35273,0.2836,0,,,,,,,2.2504,0.2836,3.5757
-1.3971,3.3191,-1.3927,-1.9948,1,,,,,,,-1.3971,-1.9948,3.3191
0.39012,-0.14279,-0.031994,0.35084,1,,,,,,,0.39012,0.35084,-0.14279
-1.6677,-7.1535,7.8929,0.96765,1,,,,,,,-1.6677,0.96765,-7.1535
-3.8483,-12.8047,15.6824,-1.281,1,,,,,,,-3.8483,-1.281,-12.8047
-3.5681,-8.213,10.083,0.96765,1,,,,,,,-3.5681,0.96765,-8.213
-2.2804,-0.30626,1.3347,1.3763,1,,,,,,,-2.2804,1.3763,-0.30626
-1.7582,2.7397,-2.5323,-2.234,1,,,,,,,-1.7582,-2.234,2.7397
-0.89409,3.1991,-1.8219,-2.9452,1,,,,,,,-0.89409,-2.9452,3.1991
0.3434,0.12415,-0.28733,0.14654,1,,,,,,,0.3434,0.14654,0.12415
-0.9854,-6.661,5.8245,0.5461,1,,,,,,,-0.9854,0.5461,-6.661
-2.4115,-9.1359,9.3444,-0.65259,1,,,,,,,-2.4115,-0.65259,-9.1359
-1.5252,-6.2534,5.3524,0.59912,1,,,,,,,-1.5252,0.59912,-6.2534
-0.61442,-0.091058,-0.31818,0.50214,1,,,,,,,-0.61442,0.50214,-0.091058
-0.36506,2.8928,-3.6461,-3.0603,1,,,,,,,-0.36506,-3.0603,2.8928
-5.9034,6.5679,0.67661,-6.6797,1,,,,,,,-5.9034,-6.6797,6.5679
-1.8215,2.7521,-0.72261,-2.353,1,,,,,,,-1.8215,-2.353,2.7521
-0.77461,-1.8768,2.4023,1.1319,1,,,,,,,-0.77461,1.1319,-1.8768
-1.8187,-9.0366,9.0162,-0.12243,1,,,,,,,-1.8187,-0.12243,-9.0366
-3.5801,-12.9309,13.1779,-2.5677,1,,,,,,,-3.5801,-2.5677,-12.9309
-1.8219,-6.8824,5.4681,0.057313,1,,,,,,,-1.8219,0.057313,-6.8824
-0.3481,-0.38696,-0.47841,0.62627,1,,,,,,,-0.3481,0.62627,-0.38696
0.47368,3.3605,-4.5064,-4.0431,1,,,,,,,0.47368,-4.0431,3.3605
-3.4083,4.8587,-0.76888,-4.8668,1,,,,,,,-3.4083,-4.8668,4.8587
-1.6662,-0.30005,1.4238,0.024986,1,,,,,,,-1.6662,0.024986,-0.30005
-2.0962,-7.1059,6.6188,-0.33708,1,,,,,,,-2.0962,-0.33708,-7.1059
-2.6685,-10.4519,9.1139,-1.7323,1,,,,,,,-2.6685,-1.7323,-10.4519
-0.47465,-4.3496,1.9901,0.7517,1,,,,,,,-0.47465,0.7517,-4.3496
1.0552,1.1857,-2.6411,0.11033,1,,,,,,,1.0552,0.11033,1.1857
1.1644,3.8095,-4.9408,-4.0909,1,,,,,,,1.1644,-4.0909,3.8095
-4.4779,7.3708,-0.31218,-6.7754,1,,,,,,,-4.4779,-6.7754,7.3708
-2.7338,0.45523,2.4391,0.21766,1,,,,,,,-2.7338,0.21766,0.45523
-2.286,-5.4484,5.8039,0.88231,1,,,,,,,-2.286,0.88231,-5.4484
-1.6244,-6.3444,4.6575,0.16981,1,,,,,,,-1.6244,0.16981,-6.3444
0.50813,0.47799,-1.9804,0.57714,1,,,,,,,0.50813,0.57714,0.47799
1.6408,4.2503,-4.9023,-2.6621,1,,,,,,,1.6408,-2.6621,4.2503
0.81583,4.84,-5.2613,-6.0823,1,,,,,,,0.81583,-6.0823,4.84
-5.4901,9.1048,-0.38758,-5.9763,1,,,,,,,-5.4901,-5.9763,9.1048
-3.2238,2.7935,0.32274,-0.86078,1,,,,,,,-3.2238,-0.86078,2.7935
-2.0631,-1.5147,1.219,0.44524,1,,,,,,,-2.0631,0.44524,-1.5147
-0.91318,-2.0113,-0.19565,0.066365,1,,,,,,,-0.91318,0.066365,-2.0113
0.6005,1.9327,-3.2888,-0.32415,1,,,,,,,0.6005,-0.32415,1.9327
0.91315,3.3377,-4.0557,-1.6741,1,,,,,,,0.91315,-1.6741,3.3377
-0.28015,3.0729,-3.3857,-2.9155,1,,,,,,,-0.28015,-2.9155,3.0729
-3.6085,3.3253,-0.51954,-3.5737,1,,,,,,,-3.6085,-3.5737,3.3253
-6.2003,8.6806,0.0091344,-3.703,1,,,,,,,-6.2003,-3.703,8.6806
-4.2932,3.3419,0.77258,-0.99785,1,,,,,,,-4.2932,-0.99785,3.3419
-3.0265,-0.062088,0.68604,-0.055186,1,,,,,,,-3.0265,-0.055186,-0.062088
-1.7015,-0.010356,-0.99337,-0.53104,1,,,,,,,-1.7015,-0.53104,-0.010356
-0.64326,2.4748,-2.9452,-1.0276,1,,,,,,,-0.64326,-1.0276,2.4748
-0.86339,1.9348,-2.3729,-1.0897,1,,,,,,,-0.86339,-1.0897,1.9348
-2.0659,1.0512,-0.46298,-1.0974,1,,,,,,,-2.0659,-1.0974,1.0512
-2.1333,1.5685,-0.084261,-1.7453,1,,,,,,,-2.1333,-1.7453,1.5685
-1.2568,-1.4733,2.8718,0.44653,1,,,,,,,-1.2568,0.44653,-1.4733
-3.1128,-6.841,10.7402,-1.0172,1,,,,,,,-3.1128,-1.0172,-6.841
-4.8554,-5.9037,10.9818,-0.82199,1,,,,,,,-4.8554,-0.82199,-5.9037
-2.588,3.8654,-0.3336,-1.2797,1,,,,,,,-2.588,-1.2797,3.8654
0.24394,1.4733,-1.4192,-0.58535,1,,,,,,,0.24394,-0.58535,1.4733
-1.5322,-5.0966,6.6779,0.17498,1,,,,,,,-1.5322,0.17498,-5.0966
-4.0025,-13.4979,17.6772,-3.3202,1,,,,,,,-4.0025,-3.3202,-13.4979
-4.0173,-8.3123,12.4547,-1.4375,1,,,,,,,-4.0173,-1.4375,-8.3123
-3.0731,-0.53181,2.3877,0.77627,1,,,,,,,-3.0731,0.77627,-0.53181
-1.979,3.2301,-1.3575,-2.5819,1,,,,,,,-1.979,-2.5819,3.2301
-0.4294,-0.14693,0.044265,-0.15605,1,,,,,,,-0.4294,-0.15605,-0.14693
-2.234,-7.0314,7.4936,0.61334,1,,,,,,,-2.234,0.61334,-7.0314
-4.211,-12.4736,14.9704,-1.3884,1,,,,,,,-4.211,-1.3884,-12.4736
-3.8073,-8.0971,10.1772,0.65084,1,,,,,,,-3.8073,0.65084,-8.0971
-2.5912,-0.10554,1.2798,1.0414,1,,,,,,,-2.5912,1.0414,-0.10554
-2.2482,3.0915,-2.3969,-2.6711,1,,,,,,,-2.2482,-2.6711,3.0915
-1.4427,3.2922,-1.9702,-3.4392,1,,,,,,,-1.4427,-3.4392,3.2922
-0.39416,-0.020702,-0.066267,-0.44699,1,,,,,,,-0.39416,-0.44699,-0.020702
-1.522,-6.6383,5.7491,-0.10691,1,,,,,,,-1.522,-0.10691,-6.6383
-2.8267,-9.0407,9.0694,-0.98233,1,,,,,,,-2.8267,-0.98233,-9.0407
-1.7263,-6.0237,5.2419,0.29524,1,,,,,,,-1.7263,0.29524,-6.0237
-0.94255,0.039307,-0.24192,0.31593,1,,,,,,,-0.94255,0.31593,0.039307
-0.89569,3.0025,-3.6067,-3.4457,1,,,,,,,-0.89569,-3.4457,3.0025
-6.2815,6.6651,0.52581,-7.0107,1,,,,,,,-6.2815,-7.0107,6.6651
-2.3211,3.166,-1.0002,-2.7151,1,,,,,,,-2.3211,-2.7151,3.166
-1.3414,-2.0776,2.8093,0.60688,1,,,,,,,-1.3414,0.60688,-2.0776
-2.258,-9.3263,9.3727,-0.85949,1,,,,,,,-2.258,-0.85949,-9.3263
-3.8858,-12.8461,12.7957,-3.1353,1,,,,,,,-3.8858,-3.1353,-12.8461
-1.8969,-6.7893,5.2761,-0.32544,1,,,,,,,-1.8969,-0.32544,-6.7893
-0.52645,-0.24832,-0.45613,0.41938,1,,,,,,,-0.52645,0.41938,-0.24832
0.0096613,3.5612,-4.407,-4.4103,1,,,,,,,0.0096613,-4.4103,3.5612
-3.8826,4.898,-0.92311,-5.0801,1,,,,,,,-3.8826,-5.0801,4.898
-2.1405,-0.16762,1.321,-0.20906,1,,,,,,,-2.1405,-0.20906,-0.16762
-2.4824,-7.3046,6.839,-0.59053,1,,,,,,,-2.4824,-0.59053,-7.3046
-2.9098,-10.0712,8.4156,-1.9948,1,,,,,,,-2.9098,-1.9948,-10.0712
-0.60975,-4.002,1.8471,0.6017,1,,,,,,,-0.60975,0.6017,-4.002
0.83625,1.1071,-2.4706,-0.062945,1,,,,,,,0.83625,-0.062945,1.1071
0.60731,3.9544,-4.772,-4.4853,1,,,,,,,0.60731,-4.4853,3.9544
-4.8861,7.0542,-0.17252,-6.959,1,,,,,,,-4.8861,-6.959,7.0542
-3.1366,0.42212,2.6225,-0.064238,1,,,,,,,-3.1366,-0.064238,0.42212
-2.5754,-5.6574,6.103,0.65214,1,,,,,,,-2.5754,0.65214,-5.6574
-1.8782,-6.5865,4.8486,-0.021566,1,,,,,,,-1.8782,-0.021566,-6.5865
0.24261,0.57318,-1.9402,0.44007,1,,,,,,,0.24261,0.44007,0.57318
1.296,4.2855,-4.8457,-2.9013,1,,,,,,,1.296,-2.9013,4.2855
0.25943,5.0097,-5.0394,-6.3862,1,,,,,,,0.25943,-6.3862,5.0097
-5.873,9.1752,-0.27448,-6.0422,1,,,,,,,-5.873,-6.0422,9.1752
-3.4605,2.6901,0.16165,-1.0224,1,,,,,,,-3.4605,-1.0224,2.6901
-2.3797,-1.4402,1.1273,0.16076,1,,,,,,,-2.3797,0.16076,-1.4402
-1.2424,-1.7175,-0.52553,-0.21036,1,,,,,,,-1.2424,-0.21036,-1.7175
0.20216,1.9182,-3.2828,-0.61768,1,,,,,,,0.20216,-0.61768,1.9182
0.59823,3.5012,-3.9795,-1.7841,1,,,,,,,0.59823,-1.7841,3.5012
-0.77995,3.2322,-3.282,-3.1004,1,,,,,,,-0.77995,-3.1004,3.2322
-4.1409,3.4619,-0.47841,-3.8879,1,,,,,,,-4.1409,-3.8879,3.4619
-6.5084,8.7696,0.23191,-3.937,1,,,,,,,-6.5084,-3.937,8.7696
-4.4996,3.4288,0.56265,-1.1672,1,,,,,,,-4.4996,-1.1672,3.4288
-3.3125,0.10139,0.55323,-0.2957,1,,,,,,,-3.3125,-0.2957,0.10139
-1.9423,0.3766,-1.2898,-0.82458,1,,,,,,,-1.9423,-0.82458,0.3766
-0.75793,2.5349,-3.0464,-1.2629,1,,,,,,,-0.75793,-1.2629,2.5349
-0.95403,1.9824,-2.3163,-1.1957,1,,,,,,,-0.95403,-1.1957,1.9824
-2.2173,1.4671,-0.72689,-1.1724,1,,,,,,,-2.2173,-1.1724,1.4671
-2.799,1.9679,-0.42357,-2.1125,1,,,,,,,-2.799,-2.1125,1.9679
-1.8629,-0.84841,2.5377,0.097399,1,,,,,,,-1.8629,0.097399,-0.84841
-3.5916,-6.2285,10.2389,-1.1543,1,,,,,,,-3.5916,-1.1543,-6.2285
-5.1216,-5.3118,10.3846,-1.0612,1,,,,,,,-5.1216,-1.0612,-5.3118
-3.2854,4.0372,-0.45356,-1.8228,1,,,,,,,-3.2854,-1.8228,4.0372
-0.56877,1.4174,-1.4252,-1.1246,1,,,,,,,-0.56877,-1.1246,1.4174
-2.3518,-4.8359,6.6479,-0.060358,1,,,,,,,-2.3518,-0.060358,-4.8359
-4.4861,-13.2889,17.3087,-3.2194,1,,,,,,,-4.4861,-3.2194,-13.2889
-4.3876,-7.7267,11.9655,-1.4543,1,,,,,,,-4.3876,-1.4543,-7.7267
-3.3604,-0.32696,2.1324,0.6017,1,,,,,,,-3.3604,0.6017,-0.32696
-1.0112,2.9984,-1.1664,-1.6185,1,,,,,,,-1.0112,-1.6185,2.9984
0.030219,-1.0512,1.4024,0.77369,1,,,,,,,0.030219,0.77369,-1.0512
-1.6514,-8.4985,9.1122,1.2379,1,,,,,,,-1.6514,1.2379,-8.4985
-3.2692,-12.7406,15.5573,-0.14182,1,,,,,,,-3.2692,-0.14182,-12.7406
-2.5701,-6.8452,8.9999,2.1353,1,,,,,,,-2.5701,2.1353,-6.8452
-1.3066,0.25244,0.7623,1.7758,1,,,,,,,-1.3066,1.7758,0.25244
-1.6637,3.2881,-2.2701,-2.2224,1,,,,,,,-1.6637,-2.2224,3.2881
-0.55008,2.8659,-1.6488,-2.4319,1,,,,,,,-0.55008,-2.4319,2.8659
0.21431,-0.69529,0.87711,0.29653,1,,,,,,,0.21431,0.29653,-0.69529
-0.77288,-7.4473,6.492,0.36119,1,,,,,,,-0.77288,0.36119,-7.4473
-1.8391,-9.0883,9.2416,-0.10432,1,,,,,,,-1.8391,-0.10432,-9.0883
-0.63298,-5.1277,4.5624,1.4797,1,,,,,,,-0.63298,1.4797,-5.1277
0.0040545,0.62905,-0.64121,0.75817,1,,,,,,,0.0040545,0.75817,0.62905
-0.28696,3.1784,-3.5767,-3.1896,1,,,,,,,-0.28696,-3.1896,3.1784
-5.2406,6.6258,-0.19908,-6.8607,1,,,,,,,-5.2406,-6.8607,6.6258
-1.4446,2.1438,-0.47241,-1.6677,1,,,,,,,-1.4446,-1.6677,2.1438
-0.65767,-2.8018,3.7115,0.99739,1,,,,,,,-0.65767,0.99739,-2.8018
-1.5449,-10.1498,9.6152,-1.2332,1,,,,,,,-1.5449,-1.2332,-10.1498
-2.8957,-12.0205,11.9149,-2.7552,1,,,,,,,-2.8957,-2.7552,-12.0205
-0.81479,-5.7381,4.3919,0.3211,1,,,,,,,-0.81479,0.3211,-5.7381
0.50225,0.65388,-1.1793,0.39998,1,,,,,,,0.50225,0.39998,0.65388
0.74521,3.6357,-4.4044,-4.1414,1,,,,,,,0.74521,-4.1414,3.6357
-2.9146,4.0537,-0.45699,-4.0327,1,,,,,,,-2.9146,-4.0327,4.0537
-1.3907,-1.3781,2.3055,-0.021566,1,,,,,,,-1.3907,-0.021566,-1.3781
-1.786,-8.1157,7.0858,-1.2112,1,,,,,,,-1.786,-1.2112,-8.1157
-1.7322,-9.2828,7.719,-1.7168,1,,,,,,,-1.7322,-1.7168,-9.2828
0.55298,-3.4619,1.7048,1.1008,1,,,,,,,0.55298,1.1008,-3.4619
2.031,1.852,-3.0121,0.003003,1,,,,,,,2.031,0.003003,1.852
1.2279,4.0309,-4.6435,-3.9125,1,,,,,,,1.2279,-3.9125,4.0309
-4.2249,6.2699,0.15822,-5.5457,1,,,,,,,-4.2249,-5.5457,6.2699
-2.5346,-0.77392,3.3602,0.00171,1,,,,,,,-2.5346,0.00171,-0.77392
-1.749,-6.332,6.0987,0.14266,1,,,,,,,-1.749,0.14266,-6.332
-0.539,-5.167,3.4399,0.052141,1,,,,,,,-0.539,0.052141,-5.167
1.5631,0.89599,-1.9702,0.65472,1,,,,,,,1.5631,0.65472,0.89599
2.3917,4.5565,-4.9888,-2.8987,1,,,,,,,2.3917,-2.8987,4.5565
0.89512,4.7738,-4.8431,-5.5909,1,,,,,,,0.89512,-5.5909,4.7738
-5.4808,8.1819,0.27818,-5.0323,1,,,,,,,-5.4808,-5.0323,8.1819
-2.8833,1.7713,0.68946,-0.4638,1,,,,,,,-2.8833,-0.4638,1.7713
-1.4174,-2.2535,1.518,0.61981,1,,,,,,,-1.4174,0.61981,-2.2535
0.4283,-0.94981,-1.0731,0.3211,1,,,,,,,0.4283,0.3211,-0.94981
1.5904,2.2121,-3.1183,-0.11725,1,,,,,,,1.5904,-0.11725,2.2121
1.7425,3.6833,-4.0129,-1.7207,1,,,,,,,1.7425,-1.7207,3.6833
-0.23356,3.2405,-3.0669,-2.7784,1,,,,,,,-0.23356,-2.7784,3.2405
-3.6227,3.9958,-0.35845,-3.9047,1,,,,,,,-3.6227,-3.9047,3.9958
-6.1536,7.9295,0.61663,-3.2646,1,,,,,,,-6.1536,-3.2646,7.9295
-3.9172,2.6652,0.78886,-0.7819,1,,,,,,,-3.9172,-0.7819,2.6652
-2.2214,-0.23798,0.56008,0.05602,1,,,,,,,-2.2214,0.05602,-0.23798
-0.49241,0.89392,-1.6283,-0.56854,1,,,,,,,-0.49241,-0.56854,0.89392
0.26517,2.4066,-2.8416,-0.59958,1,,,,,,,0.26517,-0.59958,2.4066
-0.10234,1.8189,-2.2169,-0.56725,1,,,,,,,-0.10234,-0.56725,1.8189
-1.6176,1.0926,-0.35502,-0.59958,1,,,,,,,-1.6176,-0.59958,1.0926
-1.8448,1.254,0.27218,-1.0728,1,,,,,,,-1.8448,-1.0728,1.254
-1.2786,-2.4087,4.5735,0.47627,1,,,,,,,-1.2786,0.47627,-2.4087
-2.902,-7.6563,11.8318,-0.84268,1,,,,,,,-2.902,-0.84268,-7.6563
-4.3773,-5.5167,10.939,-0.4082,1,,,,,,,-4.3773,-0.4082,-5.5167
-2.0529,3.8385,-0.79544,-1.2138,1,,,,,,,-2.0529,-1.2138,3.8385
0.18868,0.70148,-0.51182,0.0055892,1,,,,,,,0.18868,0.0055892,0.70148
-1.7279,-6.841,8.9494,0.68058,1,,,,,,,-1.7279,0.68058,-6.841
-3.3793,-13.7731,17.9274,-2.0323,1,,,,,,,-3.3793,-2.0323,-13.7731
-3.1273,-7.1121,11.3897,-0.083634,1,,,,,,,-3.1273,-0.083634,-7.1121
-2.121,-0.05588,1.949,1.353,1,,,,,,,-2.121,1.353,-0.05588
-1.7697,3.4329,-1.2144,-2.3789,1,,,,,,,-1.7697,-2.3789,3.4329
-0.0012852,0.13863,-0.19651,0.0081754,1,,,,,,,-0.0012852,0.0081754,0.13863
-1.682,-6.8121,7.1398,1.3323,1,,,,,,,-1.682,1.3323,-6.8121
-3.4917,-12.1736,14.3689,-0.61639,1,,,,,,,-3.4917,-0.61639,-12.1736
-3.1158,-8.6289,10.4403,0.97153,1,,,,,,,-3.1158,0.97153,-8.6289
-2.0891,-0.48422,1.704,1.7435,1,,,,,,,-2.0891,1.7435,-0.48422
-1.6936,2.7852,-2.1835,-1.9276,1,,,,,,,-1.6936,-1.9276,2.7852
-1.2846,3.2715,-1.7671,-3.2608,1,,,,,,,-1.2846,-3.2608,3.2715
-0.092194,0.39315,-0.32846,-0.13794,1,,,,,,,-0.092194,-0.13794,0.39315
-1.0292,-6.3879,5.5255,0.79955,1,,,,,,,-1.0292,0.79955,-6.3879
-2.2083,-9.1069,8.9991,-0.28406,1,,,,,,,-2.2083,-0.28406,-9.1069
-1.0744,-6.3113,5.355,0.80472,1,,,,,,,-1.0744,0.80472,-6.3113
-0.51003,-0.23591,0.020273,0.76334,1,,,,,,,-0.51003,0.76334,-0.23591
-0.36372,3.0439,-3.4816,-2.7836,1,,,,,,,-0.36372,-2.7836,3.0439
-6.3979,6.4479,1.0836,-6.6176,1,,,,,,,-6.3979,-6.6176,6.4479
-2.2501,3.3129,-0.88369,-2.8974,1,,,,,,,-2.2501,-2.8974,3.3129
-1.1859,-1.2519,2.2635,0.77239,1,,,,,,,-1.1859,0.77239,-1.2519
-1.8076,-8.8131,8.7086,-0.21682,1,,,,,,,-1.8076,-0.21682,-8.8131
-3.3863,-12.9889,13.0545,-2.7202,1,,,,,,,-3.3863,-2.7202,-12.9889
-1.4106,-7.108,5.6454,0.31335,1,,,,,,,-1.4106,0.31335,-7.108
-0.21394,-0.68287,0.096532,1.1965,1,,,,,,,-0.21394,1.1965,-0.68287
0.48797,3.5674,-4.3882,-3.8116,1,,,,,,,0.48797,-3.8116,3.5674
-3.8167,5.1401,-0.65063,-5.4306,1,,,,,,,-3.8167,-5.4306,5.1401
-1.9555,0.20692,1.2473,-0.3707,1,,,,,,,-1.9555,-0.3707,0.20692
-2.1786,-6.4479,6.0344,-0.20777,1,,,,,,,-2.1786,-0.20777,-6.4479
-2.3299,-9.9532,8.4756,-1.8733,1,,,,,,,-2.3299,-1.8733,-9.9532
0.0031201,-4.0061,1.7956,0.91722,1,,,,,,,0.0031201,0.91722,-4.0061
1.3518,1.0595,-2.3437,0.39998,1,,,,,,,1.3518,0.39998,1.0595
1.2309,3.8923,-4.8277,-4.0069,1,,,,,,,1.2309,-4.0069,3.8923
-5.0301,7.5032,-0.13396,-7.5034,1,,,,,,,-5.0301,-7.5034,7.5032
-3.0799,0.60836,2.7039,-0.23751,1,,,,,,,-3.0799,-0.23751,0.60836
-2.2987,-5.227,5.63,0.91722,1,,,,,,,-2.2987,0.91722,-5.227
-1.239,-6.541,4.8151,-0.033204,1,,,,,,,-1.239,-0.033204,-6.541
0.75896,0.29176,-1.6506,0.83834,1,,,,,,,0.75896,0.83834,0.29176
1.6799,4.2068,-4.5398,-2.3931,1,,,,,,,1.6799,-2.3931,4.2068
0.63655,5.2022,-5.2159,-6.1211,1,,,,,,,0.63655,-6.1211,5.2022
-6.0598,9.2952,-0.43642,-6.3694,1,,,,,,,-6.0598,-6.3694,9.2952
-3.518,2.8763,0.1548,-1.2086,1,,,,,,,-3.518,-1.2086,2.8763
-2.0336,-1.4092,1.1582,0.36507,1,,,,,,,-2.0336,0.36507,-1.4092
-0.69745,-1.7672,-0.34474,-0.12372,1,,,,,,,-0.69745,-0.12372,-1.7672
0.75108,1.9161,-3.1098,-0.20518,1,,,,,,,0.75108,-0.20518,1.9161
0.84546,3.4826,-3.6307,-1.3961,1,,,,,,,0.84546,-1.3961,3.4826
-0.55648,3.2136,-3.3085,-2.7965,1,,,,,,,-0.55648,-2.7965,3.2136
-3.6817,3.2239,-0.69347,-3.4004,1,,,,,,,-3.6817,-3.4004,3.2239
-6.7526,8.8172,-0.061983,-3.725,1,,,,,,,-6.7526,-3.725,8.8172
-4.577,3.4515,0.66719,-0.94742,1,,,,,,,-4.577,-0.94742,3.4515
-2.9883,0.31245,0.45041,0.068951,1,,,,,,,-2.9883,0.068951,0.31245
-1.4781,0.14277,-1.1622,-0.48579,1,,,,,,,-1.4781,-0.48579,0.14277
-0.46651,2.3383,-2.9812,-1.0431,1,,,,,,,-0.46651,-1.0431,2.3383
-0.8734,1.6533,-2.1964,-0.78061,1,,,,,,,-0.8734,-0.78061,1.6533
-2.1234,1.1815,-0.55552,-0.81165,1,,,,,,,-2.1234,-0.81165,1.1815
-2.3142,2.0838,-0.46813,-1.6767,1,,,,,,,-2.3142,-1.6767,2.0838
-1.4233,-0.98912,2.3586,0.39481,1,,,,,,,-1.4233,0.39481,-0.98912
-3.0866,-6.6362,10.5405,-0.89182,1,,,,,,,-3.0866,-0.89182,-6.6362
-4.7331,-6.1789,11.388,-1.0741,1,,,,,,,-4.7331,-1.0741,-6.1789
-2.8829,3.8964,-0.1888,-1.1672,1,,,,,,,-2.8829,-1.1672,3.8964
-0.036127,1.525,-1.4089,-0.76121,1,,,,,,,-0.036127,-0.76121,1.525
-1.7104,-4.778,6.2109,0.3974,1,,,,,,,-1.7104,0.3974,-4.778
-3.8203,-13.0551,16.9583,-2.3052,1,,,,,,,-3.8203,-2.3052,-13.0551
-3.7181,-8.5089,12.363,-0.95518,1,,,,,,,-3.7181,-0.95518,-8.5089
-2.899,-0.60424,2.6045,1.3776,1,,,,,,,-2.899,1.3776,-0.60424
-0.98193,2.7956,-1.2341,-1.5668,1,,,,,,,-0.98193,-1.5668,2.7956
-0.17296,-1.1816,1.3818,0.7336,1,,,,,,,-0.17296,0.7336,-1.1816
-1.9409,-8.6848,9.155,0.94049,1,,,,,,,-1.9409,0.94049,-8.6848
-3.5713,-12.4922,14.8881,-0.47027,1,,,,,,,-3.5713,-0.47027,-12.4922
-2.9915,-6.6258,8.6521,1.8198,1,,,,,,,-2.9915,1.8198,-6.6258
-1.8483,0.31038,0.77344,1.4189,1,,,,,,,-1.8483,1.4189,0.31038
-2.2677,3.2964,-2.2563,-2.4642,1,,,,,,,-2.2677,-2.4642,3.2964
-0.50816,2.868,-1.8108,-2.2612,1,,,,,,,-0.50816,-2.2612,2.868
0.14329,-1.0885,1.0039,0.48791,1,,,,,,,0.14329,0.48791,-1.0885
-0.90784,-7.9026,6.7807,0.34179,1,,,,,,,-0.90784,0.34179,-7.9026
-2.0042,-9.3676,9.3333,-0.10303,1,,,,,,,-2.0042,-0.10303,-9.3676
-0.93587,-5.1008,4.5367,1.3866,1,,,,,,,-0.93587,1.3866,-5.1008
-0.40804,0.54214,-0.52725,0.6586,1,,,,,,,-0.40804,0.6586,0.54214
-0.8172,3.3812,-3.6684,-3.456,1,,,,,,,-0.8172,-3.456,3.3812
-4.8392,6.6755,-0.24278,-6.5775,1,,,,,,,-4.8392,-6.5775,6.6755
-1.2792,2.1376,-0.47584,-1.3974,1,,,,,,,-1.2792,-1.3974,2.1376
-0.66008,-3.226,3.8058,1.1836,1,,,,,,,-0.66008,1.1836,-3.226
-1.7713,-10.7665,10.2184,-1.0043,1,,,,,,,-1.7713,-1.0043,-10.7665
-3.0061,-12.2377,11.9552,-2.1603,1,,,,,,,-3.0061,-2.1603,-12.2377
-1.1022,-5.8395,4.5641,0.68705,1,,,,,,,-1.1022,0.68705,-5.8395
0.11806,0.39108,-0.98223,0.42843,1,,,,,,,0.11806,0.42843,0.39108
0.11686,3.735,-4.4379,-4.3741,1,,,,,,,0.11686,-4.3741,3.735
-2.7264,3.9213,-0.49212,-3.6371,1,,,,,,,-2.7264,-3.6371,3.9213
-1.2369,-1.6906,2.518,0.51636,1,,,,,,,-1.2369,0.51636,-1.6906
-1.8439,-8.6475,7.6796,-0.66682,1,,,,,,,-1.8439,-0.66682,-8.6475
-1.8554,-9.6035,7.7764,-0.97716,1,,,,,,,-1.8554,-0.97716,-9.6035
0.16358,-3.3584,1.3749,1.3569,1,,,,,,,0.16358,1.3569,-3.3584
1.5077,1.9596,-3.0584,-0.12243,1,,,,,,,1.5077,-0.12243,1.9596
0.67886,4.1199,-4.569,-4.1414,1,,,,,,,0.67886,-4.1414,4.1199
-3.9934,5.8333,0.54723,-4.9379,1,,,,,,,-3.9934,-4.9379,5.8333
-2.3898,-0.78427,3.0141,0.76205,1,,,,,,,-2.3898,0.76205,-0.78427
-1.7976,-6.7686,6.6753,0.89912,1,,,,,,,-1.7976,0.89912,-6.7686
-0.70867,-5.5602,4.0483,0.903,1,,,,,,,-0.70867,0.903,-5.5602
1.0194,1.1029,-2.3,0.59395,1,,,,,,,1.0194,0.59395,1.1029
1.7875,4.78,-5.1362,-3.2362,1,,,,,,,1.7875,-3.2362,4.78
0.27331,4.8773,-4.9194,-5.8198,1,,,,,,,0.27331,-5.8198,4.8773
-5.1661,8.0433,0.044265,-4.4983,1,,,,,,,-5.1661,-4.4983,8.0433
-2.7028,1.6327,0.83598,-0.091393,1,,,,,,,-2.7028,-0.091393,1.6327
-1.4904,-2.2183,1.6054,0.89394,1,,,,,,,-1.4904,0.89394,-2.2183
-0.014902,-1.0243,-0.94024,0.64955,1,,,,,,,-0.014902,0.64955,-1.0243
0.88992,2.2638,-3.1046,-0.11855,1,,,,,,,0.88992,-0.11855,2.2638
1.0637,3.6957,-4.1594,-1.9379,1,,,,,,,1.0637,-1.9379,3.6957
-0.8471,3.1329,-3.0112,-2.9388,1,,,,,,,-0.8471,-2.9388,3.1329
-3.9594,4.0289,-0.35845,-3.8957,1,,,,,,,-3.9594,-3.8957,4.0289
-5.8818,7.6584,0.5558,-2.9155,1,,,,,,,-5.8818,-2.9155,7.6584
-3.7747,2.5162,0.83341,-0.30993,1,,,,,,,-3.7747,-0.30993,2.5162
-2.4198,-0.24418,0.70146,0.41809,1,,,,,,,-2.4198,0.41809,-0.24418
-0.83535,0.80494,-1.6411,-0.19225,1,,,,,,,-0.83535,-0.19225,0.80494
-0.30432,2.6528,-2.7756,-0.65647,1,,,,,,,-0.30432,-0.65647,2.6528
-0.60254,1.7237,-2.1501,-0.77027,1,,,,,,,-0.60254,-0.77027,1.7237
-2.1059,1.1815,-0.53324,-0.82716,1,,,,,,,-2.1059,-0.82716,1.1815
-2.0441,1.2271,0.18564,-1.091,1,,,,,,,-2.0441,-1.091,1.2271
-1.5621,-2.2121,4.2591,0.27972,1,,,,,,,-1.5621,0.27972,-2.2121
-3.2305,-7.2135,11.6433,-0.94613,1,,,,,,,-3.2305,-0.94613,-7.2135
-4.8426,-4.9932,10.4052,-0.53104,1,,,,,,,-4.8426,-0.53104,-4.9932
-2.3147,3.6668,-0.6969,-1.2474,1,,,,,,,-2.3147,-1.2474,3.6668
-0.11716,0.60422,-0.38587,-0.059065,1,,,,,,,-0.11716,-0.059065,0.60422
-2.0066,-6.719,9.0162,0.099985,1,,,,,,,-2.0066,0.099985,-6.719
-3.6961,-13.6779,17.5795,-2.6181,1,,,,,,,-3.6961,-2.6181,-13.6779
-3.6012,-6.5389,10.5234,-0.48967,1,,,,,,,-3.6012,-0.48967,-6.5389
-2.6286,0.18002,1.7956,0.97282,1,,,,,,,-2.6286,0.97282,0.18002
-0.82601,2.9611,-1.2864,-1.4647,1,,,,,,,-0.82601,-1.4647,2.9611
0.31803,-0.99326,1.0947,0.88619,1,,,,,,,0.31803,0.88619,-0.99326
-1.4454,-8.4385,8.8483,0.96894,1,,,,,,,-1.4454,0.96894,-8.4385
-3.1423,-13.0365,15.6773,-0.66165,1,,,,,,,-3.1423,-0.66165,-13.0365
-2.5373,-6.959,8.8054,1.5289,1,,,,,,,-2.5373,1.5289,-6.959
-1.366,0.18416,0.90539,1.5806,1,,,,,,,-1.366,1.5806,0.18416
-1.7064,3.3088,-2.2829,-2.1978,1,,,,,,,-1.7064,-2.1978,3.3088
-0.41965,2.9094,-1.7859,-2.2069,1,,,,,,,-0.41965,-2.2069,2.9094
0.37637,-0.82358,0.78543,0.74524,1,,,,,,,0.37637,0.74524,-0.82358
-0.55355,-7.9233,6.7156,0.74394,1,,,,,,,-0.55355,0.74394,-7.9233
-1.6001,-9.5828,9.4044,0.081882,1,,,,,,,-1.6001,0.081882,-9.5828
-0.37013,-5.554,4.7749,1.547,1,,,,,,,-0.37013,1.547,-5.554
0.12126,0.22347,-0.47327,0.97024,1,,,,,,,0.12126,0.97024,0.22347
-0.27068,3.2674,-3.5562,-3.0888,1,,,,,,,-0.27068,-3.0888,3.2674
-5.119,6.6486,-0.049987,-6.5206,1,,,,,,,-5.119,-6.5206,6.6486
-1.3946,2.3134,-0.44499,-1.4905,1,,,,,,,-1.3946,-1.4905,2.3134
-0.69879,-3.3771,4.1211,1.5043,1,,,,,,,-0.69879,1.5043,-3.3771
-1.48,-10.5244,9.9176,-0.5026,1,,,,,,,-1.48,-0.5026,-10.5244
-2.6649,-12.813,12.6689,-1.9082,1,,,,,,,-2.6649,-1.9082,-12.813
-0.62684,-6.301,4.7843,1.106,1,,,,,,,-0.62684,1.106,-6.301
0.518,0.25865,-0.84085,0.96118,1,,,,,,,0.518,0.96118,0.25865
0.64376,3.764,-4.4738,-4.0483,1,,,,,,,0.64376,-4.0483,3.764
-2.9821,4.1986,-0.5898,-3.9642,1,,,,,,,-2.9821,-3.9642,4.1986
-1.4628,-1.5706,2.4357,0.49826,1,,,,,,,-1.4628,0.49826,-1.5706
-1.7101,-8.7903,7.9735,-0.45475,1,,,,,,,-1.7101,-0.45475,-8.7903
-1.5572,-9.8808,8.1088,-1.0806,1,,,,,,,-1.5572,-1.0806,-9.8808
0.74428,-3.7723,1.6131,1.5754,1,,,,,,,0.74428,1.5754,-3.7723
2.0177,1.7982,-2.9581,0.2099,1,,,,,,,2.0177,0.2099,1.7982
1.164,3.913,-4.5544,-3.8672,1,,,,,,,1.164,-3.8672,3.913
-4.3667,6.0692,0.57208,-5.4668,1,,,,,,,-4.3667,-5.4668,6.0692
-2.5919,-1.0553,3.8949,0.77757,1,,,,,,,-2.5919,0.77757,-1.0553
-1.8046,-6.8141,6.7019,1.1681,1,,,,,,,-1.8046,1.1681,-6.8141
-0.71868,-5.7154,3.8298,1.0233,1,,,,,,,-0.71868,1.0233,-5.7154
1.4378,0.66837,-2.0267,1.0271,1,,,,,,,1.4378,1.0271,0.66837
2.1943,4.5503,-4.976,-2.7254,1,,,,,,,2.1943,-2.7254,4.5503
0.7376,4.8525,-4.7986,-5.6659,1,,,,,,,0.7376,-5.6659,4.8525
-5.637,8.1261,0.13081,-5.0142,1,,,,,,,-5.637,-5.0142,8.1261
-3.0193,1.7775,0.73745,-0.45346,1,,,,,,,-3.0193,-0.45346,1.7775
-1.6706,-2.09,1.584,0.71162,1,,,,,,,-1.6706,0.71162,-2.09
-0.1269,-1.1505,-0.95138,0.57843,1,,,,,,,-0.1269,0.57843,-1.1505
1.2198,2.0982,-3.1954,0.12843,1,,,,,,,1.2198,0.12843,2.0982
1.4501,3.6067,-4.0557,-1.5966,1,,,,,,,1.4501,-1.5966,3.6067
-0.40857,3.0977,-2.9607,-2.6892,1,,,,,,,-0.40857,-2.6892,3.0977
-3.8952,3.8157,-0.31304,-3.8194,1,,,,,,,-3.8952,-3.8194,3.8157
-6.3679,8.0102,0.4247,-3.2207,1,,,,,,,-6.3679,-3.2207,8.0102
-4.1429,2.7749,0.68261,-0.71984,1,,,,,,,-4.1429,-0.71984,2.7749
-2.6864,-0.097265,0.61663,0.061192,1,,,,,,,-2.6864,0.061192,-0.097265
-1.0555,0.79459,-1.6968,-0.46768,1,,,,,,,-1.0555,-0.46768,0.79459
-0.29858,2.4769,-2.9512,-0.66165,1,,,,,,,-0.29858,-0.66165,2.4769
-0.49948,1.7734,-2.2469,-0.68104,1,,,,,,,-0.49948,-0.68104,1.7734
-1.9881,0.99945,-0.28562,-0.70044,1,,,,,,,-1.9881,-0.70044,0.99945
-1.9389,1.5706,0.045979,-1.122,1,,,,,,,-1.9389,-1.122,1.5706
-1.4375,-1.8624,4.026,0.55127,1,,,,,,,-1.4375,0.55127,-1.8624
-3.1875,-7.5756,11.8678,-0.57889,1,,,,,,,-3.1875,-0.57889,-7.5756
-4.6765,-5.6636,10.969,-0.33449,1,,,,,,,-4.6765,-0.33449,-5.6636
-2.0285,3.8468,-0.63435,-1.175,1,,,,,,,-2.0285,-1.175,3.8468
0.26637,0.73252,-0.67891,0.03533,1,,,,,,,0.26637,0.03533,0.73252
-1.7589,-6.4624,8.4773,0.31981,1,,,,,,,-1.7589,0.31981,-6.4624
-3.5985,-13.6593,17.6052,-2.4927,1,,,,,,,-3.5985,-2.4927,-13.6593
-3.3582,-7.2404,11.4419,-0.57113,1,,,,,,,-3.3582,-0.57113,-7.2404
-2.3629,-0.10554,1.9336,1.1358,1,,,,,,,-2.3629,1.1358,-0.10554
-2.1802,3.3791,-1.2256,-2.6621,1,,,,,,,-2.1802,-2.6621,3.3791
-0.40951,-0.15521,0.060545,-0.088807,1,,,,,,,-0.40951,-0.088807,-0.15521
-2.2918,-7.257,7.9597,0.9211,1,,,,,,,-2.2918,0.9211,-7.257
-4.0214,-12.8006,15.6199,-0.95647,1,,,,,,,-4.0214,-0.95647,-12.8006
-3.3884,-8.215,10.3315,0.98187,1,,,,,,,-3.3884,0.98187,-8.215
-2.0046,-0.49457,1.333,1.6543,1,,,,,,,-2.0046,1.6543,-0.49457
-1.7063,2.7956,-2.378,-2.3491,1,,,,,,,-1.7063,-2.3491,2.7956
-1.6386,3.3584,-1.7302,-3.5646,1,,,,,,,-1.6386,-3.5646,3.3584
-0.41645,0.32487,-0.33617,-0.36036,1,,,,,,,-0.41645,-0.36036,0.32487
-1.5877,-6.6072,5.8022,0.31593,1,,,,,,,-1.5877,0.31593,-6.6072
-2.5961,-9.349,9.7942,-0.28018,1,,,,,,,-2.5961,-0.28018,-9.349
-1.5228,-6.4789,5.7568,0.87325,1,,,,,,,-1.5228,0.87325,-6.4789
-0.53072,-0.097265,-0.21793,1.0426,1,,,,,,,-0.53072,1.0426,-0.097265
-0.49081,2.8452,-3.6436,-3.1004,1,,,,,,,-0.49081,-3.1004,2.8452
-6.5773,6.8017,0.85483,-7.5344,1,,,,,,,-6.5773,-7.5344,6.8017
-2.4621,2.7645,-0.62578,-2.8573,1,,,,,,,-2.4621,-2.8573,2.7645
-1.3995,-1.9162,2.5154,0.59912,1,,,,,,,-1.3995,0.59912,-1.9162
-2.3221,-9.3304,9.233,-0.79871,1,,,,,,,-2.3221,-0.79871,-9.3304
-3.73,-12.9723,12.9817,-2.684,1,,,,,,,-3.73,-2.684,-12.9723
-1.6988,-7.1163,5.7902,0.16723,1,,,,,,,-1.6988,0.16723,-7.1163
-0.26654,-0.64562,-0.42014,0.89136,1,,,,,,,-0.26654,0.89136,-0.64562
0.33325,3.3108,-4.5081,-4.012,1,,,,,,,0.33325,-4.012,3.3108
-4.2091,4.7283,-0.49126,-5.2159,1,,,,,,,-4.2091,-5.2159,4.7283
-2.3142,-0.68494,1.9833,-0.44829,1,,,,,,,-2.3142,-0.44829,-0.68494
-2.4835,-7.4494,6.8964,-0.64484,1,,,,,,,-2.4835,-0.64484,-7.4494
-2.7611,-10.5099,9.0239,-1.9547,1,,,,,,,-2.7611,-1.9547,-10.5099
-0.36025,-4.449,2.1067,0.94308,1,,,,,,,-0.36025,0.94308,-4.449
1.0117,0.9022,-2.3506,0.42714,1,,,,,,,1.0117,0.42714,0.9022
0.96708,3.8426,-4.9314,-4.1323,1,,,,,,,0.96708,-4.1323,3.8426
-5.2049,7.259,0.070827,-7.3004,1,,,,,,,-5.2049,-7.3004,7.259
-3.3203,-0.02691,2.9618,-0.44958,1,,,,,,,-3.3203,-0.44958,-0.02691
-2.565,-5.7899,6.0122,0.046968,1,,,,,,,-2.565,0.046968,-5.7899
-1.5951,-6.572,4.7689,-0.94354,1,,,,,,,-1.5951,-0.94354,-6.572
0.7049,0.17174,-1.7859,0.36119,1,,,,,,,0.7049,0.36119,0.17174
1.7331,3.9544,-4.7412,-2.5017,1,,,,,,,1.7331,-2.5017,3.9544
0.6818,4.8504,-5.2133,-6.1043,1,,,,,,,0.6818,-6.1043,4.8504
-6.3364,9.2848,0.014275,-6.7844,1,,,,,,,-6.3364,-6.7844,9.2848
-3.8053,2.4273,0.6809,-1.0871,1,,,,,,,-3.8053,-1.0871,2.4273
-2.1979,-2.1252,1.7151,0.45171,1,,,,,,,-2.1979,0.45171,-2.1252
-0.87874,-2.2121,-0.051701,0.099985,1,,,,,,,-0.87874,0.099985,-2.2121
0.74067,1.7299,-3.1963,-0.1457,1,,,,,,,0.74067,-0.1457,1.7299
0.98296,3.4226,-3.9692,-1.7116,1,,,,,,,0.98296,-1.7116,3.4226
-0.3489,3.1929,-3.4054,-3.1832,1,,,,,,,-0.3489,-3.1832,3.1929
-3.8552,3.5219,-0.38415,-3.8608,1,,,,,,,-3.8552,-3.8608,3.5219
-6.9599,8.9931,0.2182,-4.572,1,,,,,,,-6.9599,-4.572,8.9931
-4.7462,3.1205,1.075,-1.2966,1,,,,,,,-4.7462,-1.2966,3.1205
-3.2051,-0.14279,0.97565,0.045675,1,,,,,,,-3.2051,0.045675,-0.14279
-1.7549,-0.080711,-0.75774,-0.3707,1,,,,,,,-1.7549,-0.3707,-0.080711
-0.59587,2.4811,-2.8673,-0.89828,1,,,,,,,-0.59587,-0.89828,2.4811
-0.89542,2.0279,-2.3652,-1.2746,1,,,,,,,-0.89542,-1.2746,2.0279
-2.0754,1.2767,-0.64206,-1.2642,1,,,,,,,-2.0754,-1.2642,1.2767
-3.2778,1.8023,0.1805,-2.3931,1,,,,,,,-3.2778,-2.3931,1.8023
-2.2183,-1.254,2.9986,0.36378,1,,,,,,,-2.2183,0.36378,-1.254
-3.5895,-6.572,10.5251,-0.16381,1,,,,,,,-3.5895,-0.16381,-6.572
-5.0477,-5.8023,11.244,-0.3901,1,,,,,,,-5.0477,-0.3901,-5.8023
-3.5741,3.944,-0.07912,-2.1203,1,,,,,,,-3.5741,-2.1203,3.944
-0.7351,1.7361,-1.4938,-1.1582,1,,,,,,,-0.7351,-1.1582,1.7361
-2.2617,-4.7428,6.3489,0.11162,1,,,,,,,-2.2617,0.11162,-4.7428
-4.244,-13.0634,17.1116,-2.8017,1,,,,,,,-4.244,-2.8017,-13.0634
-4.0218,-8.304,12.555,-1.5099,1,,,,,,,-4.0218,-1.5099,-8.304
-3.0201,-0.67253,2.7056,0.85774,1,,,,,,,-3.0201,0.85774,-0.67253
-2.4941,3.5447,-1.3721,-2.8483,1,,,,,,,-2.4941,-2.8483,3.5447
-0.83121,0.039307,0.05369,-0.23105,1,,,,,,,-0.83121,-0.23105,0.039307
-2.5665,-6.8824,7.5416,0.70774,1,,,,,,,-2.5665,0.70774,-6.8824
-4.4018,-12.9371,15.6559,-1.6806,1,,,,,,,-4.4018,-1.6806,-12.9371
-3.7573,-8.2916,10.3032,0.38059,1,,,,,,,-3.7573,0.38059,-8.2916
-2.4725,-0.40145,1.4855,1.1189,1,,,,,,,-2.4725,1.1189,-0.40145
-1.9725,2.8825,-2.3086,-2.3724,1,,,,,,,-1.9725,-2.3724,2.8825
-2.0149,3.6874,-1.9385,-3.8918,1,,,,,,,-2.0149,-3.8918,3.6874
-0.82053,0.65181,-0.48869,-0.52716,1,,,,,,,-0.82053,-0.52716,0.65181
-1.7886,-6.3486,5.6154,0.42584,1,,,,,,,-1.7886,0.42584,-6.3486
-2.9138,-9.4711,9.7668,-0.60216,1,,,,,,,-2.9138,-0.60216,-9.4711
-1.8343,-6.5907,5.6429,0.54998,1,,,,,,,-1.8343,0.54998,-6.5907
-0.8734,-0.033118,-0.20165,0.55774,1,,,,,,,-0.8734,0.55774,-0.033118
-0.70346,2.957,-3.5947,-3.1457,1,,,,,,,-0.70346,-3.1457,2.957
-6.7387,6.9879,0.67833,-7.5887,1,,,,,,,-6.7387,-7.5887,6.9879
-2.7723,3.2777,-0.9351,-3.1457,1,,,,,,,-2.7723,-3.1457,3.2777
-1.6641,-1.3678,1.997,0.52283,1,,,,,,,-1.6641,0.52283,-1.3678
-2.4349,-9.2497,8.9922,-0.50001,1,,,,,,,-2.4349,-0.50001,-9.2497
-3.793,-12.7095,12.7957,-2.825,1,,,,,,,-3.793,-2.825,-12.7095
-1.9551,-6.9756,5.5383,-0.12889,1,,,,,,,-1.9551,-0.12889,-6.9756
-0.69078,-0.50077,-0.35417,0.47498,1,,,,,,,-0.69078,0.47498,-0.50077
0.025013,3.3998,-4.4327,-4.2655,1,,,,,,,0.025013,-4.2655,3.3998
-4.3967,4.9601,-0.64892,-5.4719,1,,,,,,,-4.3967,-5.4719,4.9601
-2.456,-0.24418,1.4041,-0.45863,1,,,,,,,-2.456,-0.45863,-0.24418
-2.62,-6.8555,6.2169,-0.62285,1,,,,,,,-2.62,-0.62285,-6.8555
-2.9662,-10.3257,8.784,-2.1138,1,,,,,,,-2.9662,-2.1138,-10.3257
-0.71494,-4.4448,2.2241,0.49826,1,,,,,,,-0.71494,0.49826,-4.4448
0.6005,0.99945,-2.2126,0.097399,1,,,,,,,0.6005,0.097399,0.99945
0.61652,3.8944,-4.7275,-4.3948,1,,,,,,,0.61652,-4.3948,3.8944
-5.4414,7.2363,0.10938,-7.5642,1,,,,,,,-5.4414,-7.5642,7.2363
-3.5798,0.45937,2.3457,-0.45734,1,,,,,,,-3.5798,-0.45734,0.45937
-2.7769,-5.6967,5.9179,0.37671,1,,,,,,,-2.7769,0.37671,-5.6967
-1.8356,-6.7562,5.0585,-0.55044,1,,,,,,,-1.8356,-0.55044,-6.7562
0.30081,0.17381,-1.7542,0.48921,1,,,,,,,0.30081,0.48921,0.17381
1.3403,4.1323,-4.7018,-2.5987,1,,,,,,,1.3403,-2.5987,4.1323
0.26877,4.987,-5.1508,-6.3913,1,,,,,,,0.26877,-6.3913,4.987
-6.5235,9.6014,-0.25392,-6.9642,1,,,,,,,-6.5235,-6.9642,9.6014
-4.0679,2.4955,0.79571,-1.1039,1,,,,,,,-4.0679,-1.1039,2.4955
-2.564,-1.7051,1.5026,0.32757,1,,,,,,,-2.564,0.32757,-1.7051
-1.3414,-1.9162,-0.15538,-0.11984,1,,,,,,,-1.3414,-0.11984,-1.9162
0.23874,2.0879,-3.3522,-0.66553,1,,,,,,,0.23874,-0.66553,2.0879
0.6212,3.6771,-4.0771,-2.0711,1,,,,,,,0.6212,-2.0711,3.6771
-0.77848,3.4019,-3.4859,-3.5569,1,,,,,,,-0.77848,-3.5569,3.4019
-4.1244,3.7909,-0.6532,-4.1802,1,,,,,,,-4.1244,-4.1802,3.7909
-7.0421,9.2,0.25933,-4.6832,1,,,,,,,-7.0421,-4.6832,9.2
-4.9462,3.5716,0.82742,-1.4957,1,,,,,,,-4.9462,-1.4957,3.5716
-3.5359,0.30417,0.6569,-0.2957,1,,,,,,,-3.5359,-0.2957,0.30417
-2.0662,0.16967,-1.0054,-0.82975,1,,,,,,,-2.0662,-0.82975,0.16967
-0.88728,2.808,-3.1432,-1.2035,1,,,,,,,-0.88728,-1.2035,2.808
-1.0941,2.3072,-2.5237,-1.4453,1,,,,,,,-1.0941,-1.4453,2.3072
-2.4458,1.6285,-0.88541,-1.4802,1,,,,,,,-2.4458,-1.4802,1.6285
-3.551,1.8955,0.1865,-2.4409,1,,,,,,,-3.551,-2.4409,1.8955
-2.2811,-0.85669,2.7185,0.044382,1,,,,,,,-2.2811,0.044382,-0.85669
-3.6053,-5.974,10.0916,-0.82846,1,,,,,,,-3.6053,-0.82846,-5.974
-5.0676,-5.1877,10.4266,-0.86725,1,,,,,,,-5.0676,-0.86725,-5.1877
-3.9204,4.0723,-0.23678,-2.1151,1,,,,,,,-3.9204,-2.1151,4.0723
-1.1306,1.8458,-1.3575,-1.3806,1,,,,,,,-1.1306,-1.3806,1.8458
-2.4561,-4.5566,6.4534,-0.056479,1,,,,,,,-2.4561,-0.056479,-4.5566
-4.4775,-13.0303,17.0834,-3.0345,1,,,,,,,-4.4775,-3.0345,-13.0303
-4.1958,-8.1819,12.1291,-1.6017,1,,,,,,,-4.1958,-1.6017,-8.1819
-3.38,-0.7077,2.5325,0.71808,1,,,,,,,-3.38,0.71808,-0.7077
-2.4365,3.6026,-1.4166,-2.8948,1,,,,,,,-2.4365,-2.8948,3.6026
-0.77688,0.13036,-0.031137,-0.35389,1,,,,,,,-0.77688,-0.35389,0.13036
-2.7083,-6.8266,7.5339,0.59007,1,,,,,,,-2.7083,0.59007,-6.8266
-4.5531,-12.5854,15.4417,-1.4983,1,,,,,,,-4.5531,-1.4983,-12.5854
-3.8894,-7.8322,9.8208,0.47498,1,,,,,,,-3.8894,0.47498,-7.8322
-2.5084,-0.22763,1.488,1.2069,1,,,,,,,-2.5084,1.2069,-0.22763
-2.1652,3.0211,-2.4132,-2.4241,1,,,,,,,-2.1652,-2.4241,3.0211
-1.8974,3.5074,-1.7842,-3.8491,1,,,,,,,-1.8974,-3.8491,3.5074
-0.62043,0.5587,-0.38587,-0.66423,1,,,,,,,-0.62043,-0.66423,0.5587
-1.8387,-6.301,5.6506,0.19567,1,,,,,,,-1.8387,0.19567,-6.301
-3,-9.1566,9.5766,-0.73018,1,,,,,,,-3,-0.73018,-9.1566
-1.9116,-6.1603,5.606,0.48533,1,,,,,,,-1.9116,0.48533,-6.1603
-1.005,0.084831,-0.2462,0.45688,1,,,,,,,-1.005,0.45688,0.084831
-0.87834,3.257,-3.6778,-3.2944,1,,,,,,,-0.87834,-3.2944,3.257
-6.651,6.7934,0.68604,-7.5887,1,,,,,,,-6.651,-7.5887,6.7934
-2.5463,3.1101,-0.83228,-3.0358,1,,,,,,,-2.5463,-3.0358,3.1101
-1.4377,-1.432,2.1144,0.42067,1,,,,,,,-1.4377,0.42067,-1.432
-2.4554,-9.0407,8.862,-0.86983,1,,,,,,,-2.4554,-0.86983,-9.0407
-3.9411,-12.8792,13.0597,-3.3125,1,,,,,,,-3.9411,-3.3125,-12.8792
-2.1241,-6.8969,5.5992,-0.47156,1,,,,,,,-2.1241,-0.47156,-6.8969
-0.74324,-0.32902,-0.42785,0.23317,1,,,,,,,-0.74324,0.23317,-0.32902
-0.071503,3.7412,-4.5415,-4.2526,1,,,,,,,-0.071503,-4.2526,3.7412
-4.2333,4.9166,-0.49212,-5.3207,1,,,,,,,-4.2333,-5.3207,4.9166
-2.3675,-0.43663,1.692,-0.43018,1,,,,,,,-2.3675,-0.43018,-0.43663
-2.5526,-7.3625,6.9255,-0.66811,1,,,,,,,-2.5526,-0.66811,-7.3625
-3.0986,-10.4602,8.9717,-2.3427,1,,,,,,,-3.0986,-2.3427,-10.4602
-0.89809,-4.4862,2.2009,0.50731,1,,,,,,,-0.89809,0.50731,-4.4862
0.56232,1.0015,-2.2726,-0.0060486,1,,,,,,,0.56232,-0.0060486,1.0015
0.53936,3.8944,-4.8166,-4.3418,1,,,,,,,0.53936,-4.3418,3.8944
-5.3012,7.3915,0.029699,-7.3987,1,,,,,,,-5.3012,-7.3987,7.3915
-3.3553,0.35591,2.6473,-0.37846,1,,,,,,,-3.3553,-0.37846,0.35591
-2.7908,-5.7133,5.953,0.45946,1,,,,,,,-2.7908,0.45946,-5.7133
-1.9983,-6.6072,4.8254,-0.41984,1,,,,,,,-1.9983,-0.41984,-6.6072
0.15423,0.11794,-1.6823,0.59524,1,,,,,,,0.15423,0.59524,0.11794
1.208,4.0744,-4.7635,-2.6129,1,,,,,,,1.208,-2.6129,4.0744
0.2952,4.8856,-5.149,-6.2323,1,,,,,,,0.2952,-6.2323,4.8856
-6.4247,9.5311,0.022844,-6.8517,1,,,,,,,-6.4247,-6.8517,9.5311
-3.9933,2.6218,0.62863,-1.1595,1,,,,,,,-3.9933,-1.1595,2.6218
-2.659,-1.6058,1.3647,0.16464,1,,,,,,,-2.659,0.16464,-1.6058
-1.4094,-2.1252,-0.10397,-0.19225,1,,,,,,,-1.4094,-0.19225,-2.1252
0.11032,1.9741,-3.3668,-0.65259,1,,,,,,,0.11032,-0.65259,1.9741
0.52374,3.644,-4.0746,-1.9909,1,,,,,,,0.52374,-1.9909,3.644
-0.76794,3.4598,-3.4405,-3.4276,1,,,,,,,-0.76794,-3.4276,3.4598
-3.9698,3.6812,-0.60008,-4.0133,1,,,,,,,-3.9698,-4.0133,3.6812
-7.0364,9.2931,0.16594,-4.5396,1,,,,,,,-7.0364,-4.5396,9.2931
-4.9447,3.3005,1.063,-1.444,1,,,,,,,-4.9447,-1.444,3.3005
-3.5933,0.22968,0.7126,-0.3332,1,,,,,,,-3.5933,-0.3332,0.22968
-2.1674,0.12415,-1.0465,-0.86208,1,,,,,,,-2.1674,-0.86208,0.12415
-0.9607,2.6963,-3.1226,-1.3121,1,,,,,,,-0.9607,-1.3121,2.6963
-1.0802,2.1996,-2.5862,-1.2759,1,,,,,,,-1.0802,-1.2759,2.1996
-2.3277,1.4381,-0.82114,-1.2862,1,,,,,,,-2.3277,-1.2862,1.4381
-3.7244,1.9037,-0.035421,-2.5095,1,,,,,,,-3.7244,-2.5095,1.9037
-2.5724,-0.95602,2.7073,-0.16639,1,,,,,,,-2.5724,-0.16639,-0.95602
-3.9297,-6.0816,10.0958,-1.0147,1,,,,,,,-3.9297,-1.0147,-6.0816
-5.2943,-5.1463,10.3332,-1.1181,1,,,,,,,-5.2943,-1.1181,-5.1463
-3.8953,4.0392,-0.3019,-2.1836,1,,,,,,,-3.8953,-2.1836,4.0392
-1.2244,1.7485,-1.4801,-1.4181,1,,,,,,,-1.2244,-1.4181,1.7485
-2.6406,-4.4159,5.983,-0.13924,1,,,,,,,-2.6406,-0.13924,-4.4159
-4.6338,-12.7509,16.7166,-3.2168,1,,,,,,,-4.6338,-3.2168,-12.7509
-4.2887,-7.8633,11.8387,-1.8978,1,,,,,,,-4.2887,-1.8978,-7.8633
-3.3458,-0.50491,2.6328,0.53705,1,,,,,,,-3.3458,0.53705,-0.50491
-1.1188,3.3357,-1.3455,-1.9573,1,,,,,,,-1.1188,-1.9573,3.3357
0.55939,-0.3104,0.18307,0.44653,1,,,,,,,0.55939,0.44653,-0.3104
-1.5078,-7.3191,7.8981,1.2289,1,,,,,,,-1.5078,1.2289,-7.3191
-3.506,-12.5667,15.1606,-0.75216,1,,,,,,,-3.506,-0.75216,-12.5667
-2.9498,-8.273,10.2646,1.1629,1,,,,,,,-2.9498,1.1629,-8.273
-1.6029,-0.38903,1.62,1.9103,1,,,,,,,-1.6029,1.9103,-0.38903
-1.2667,2.8183,-2.426,-1.8862,1,,,,,,,-1.2667,-1.8862,2.8183
-0.49281,3.0605,-1.8356,-2.834,1,,,,,,,-0.49281,-2.834,3.0605
0.66365,-0.045533,-0.18794,0.23447,1,,,,,,,0.66365,0.23447,-0.045533
-0.72068,-6.7583,5.8408,0.62369,1,,,,,,,-0.72068,0.62369,-6.7583
-1.9966,-9.5001,9.682,-0.12889,1,,,,,,,-1.9966,-0.12889,-9.5001
-0.97325,-6.4168,5.6026,1.0323,1,,,,,,,-0.97325,1.0323,-6.4168
-0.025314,-0.17383,-0.11339,1.2198,1,,,,,,,-0.025314,1.2198,-0.17383
0.062525,2.9301,-3.5467,-2.6737,1,,,,,,,0.062525,-2.6737,2.9301
-5.525,6.3258,0.89768,-6.6241,1,,,,,,,-5.525,-6.6241,6.3258
-1.2943,2.6735,-0.84085,-2.0323,1,,,,,,,-1.2943,-2.0323,2.6735
-0.24037,-1.7837,2.135,1.2418,1,,,,,,,-0.24037,1.2418,-1.7837
-1.3968,-9.6698,9.4652,-0.34872,1,,,,,,,-1.3968,-0.34872,-9.6698
-2.9672,-13.2869,13.4727,-2.6271,1,,,,,,,-2.9672,-2.6271,-13.2869
-1.1005,-7.2508,6.0139,0.36895,1,,,,,,,-1.1005,0.36895,-7.2508
0.22432,-0.52147,-0.40386,1.2017,1,,,,,,,0.22432,1.2017,-0.52147
0.90407,3.3708,-4.4987,-3.6965,1,,,,,,,0.90407,-3.6965,3.3708
-2.8619,4.5193,-0.58123,-4.2629,1,,,,,,,-2.8619,-4.2629,4.5193
-1.0833,-0.31247,1.2815,0.41291,1,,,,,,,-1.0833,0.41291,-0.31247
-1.5681,-7.2446,6.5537,-0.1276,1,,,,,,,-1.5681,-0.1276,-7.2446
-2.0545,-10.8679,9.4926,-1.4116,1,,,,,,,-2.0545,-1.4116,-10.8679
0.2346,-4.5152,2.1195,1.4448,1,,,,,,,0.2346,1.4448,-4.5152
1.581,0.86909,-2.3138,0.82412,1,,,,,,,1.581,0.82412,0.86909
1.5514,3.8013,-4.9143,-3.7483,1,,,,,,,1.5514,-3.7483,3.8013
-4.1479,7.1225,-0.083404,-6.4172,1,,,,,,,-4.1479,-6.4172,7.1225
-2.2625,-0.099335,2.8127,0.48662,1,,,,,,,-2.2625,0.48662,-0.099335
-1.7479,-5.823,5.8699,1.212,1,,,,,,,-1.7479,1.212,-5.823
-0.95923,-6.7128,4.9857,0.32886,1,,,,,,,-0.95923,0.32886,-6.7128
1.3451,0.23589,-1.8785,1.3258,1,,,,,,,1.3451,1.3258,0.23589
2.2279,4.0951,-4.8037,-2.1112,1,,,,,,,2.2279,-2.1112,4.0951
1.2572,4.8731,-5.2861,-5.8741,1,,,,,,,1.2572,-5.8741,4.8731
-5.3857,9.1214,-0.41929,-5.9181,1,,,,,,,-5.3857,-5.9181,9.1214
-2.9786,2.3445,0.52667,-0.40173,1,,,,,,,-2.9786,-0.40173,2.3445
-1.5851,-2.1562,1.7082,0.9017,1,,,,,,,-1.5851,0.9017,-2.1562
-0.21888,-2.2038,-0.0954,0.56421,1,,,,,,,-0.21888,0.56421,-2.2038
1.3183,1.9017,-3.3111,0.065071,1,,,,,,,1.3183,0.065071,1.9017
1.4896,3.4288,-4.0309,-1.4259,1,,,,,,,1.4896,-1.4259,3.4288
0.11592,3.2219,-3.4302,-2.8457,1,,,,,,,0.11592,-2.8457,3.2219
-3.3924,3.3564,-0.72004,-3.5233,1,,,,,,,-3.3924,-3.5233,3.3564
-6.1632,8.7096,-0.21621,-3.6345,1,,,,,,,-6.1632,-3.6345,8.7096
-4.0786,2.9239,0.87026,-0.65389,1,,,,,,,-4.0786,-0.65389,2.9239
-2.5899,-0.3911,0.93452,0.42972,1,,,,,,,-2.5899,0.42972,-0.3911
-1.0116,-0.19038,-0.90597,0.003003,1,,,,,,,-1.0116,0.003003,-0.19038
0.066129,2.4914,-2.9401,-0.62156,1,,,,,,,0.066129,-0.62156,2.4914
-0.24745,1.9368,-2.4697,-0.80518,1,,,,,,,-0.24745,-0.80518,1.9368
-1.5732,1.0636,-0.71232,-0.8388,1,,,,,,,-1.5732,-0.8388,1.0636
-2.1668,1.5933,0.045122,-1.678,1,,,,,,,-2.1668,-1.678,1.5933
-1.1667,-1.4237,2.9241,0.66119,1,,,,,,,-1.1667,0.66119,-1.4237
-2.8391,-6.63,10.4849,-0.42113,1,,,,,,,-2.8391,-0.42113,-6.63
-4.5046,-5.8126,10.8867,-0.52846,1,,,,,,,-4.5046,-0.52846,-5.8126
-2.41,3.7433,-0.40215,-1.2953,1,,,,,,,-2.41,-1.2953,3.7433
0.40614,1.3492,-1.4501,-0.55949,1,,,,,,,0.40614,-0.55949,1.3492
-1.3887,-4.8773,6.4774,0.34179,1,,,,,,,-1.3887,0.34179,-4.8773
-3.7503,-13.4586,17.5932,-2.7771,1,,,,,,,-3.7503,-2.7771,-13.4586
-3.5637,-8.3827,12.393,-1.2823,1,,,,,,,-3.5637,-1.2823,-8.3827
-2.5419,-0.65804,2.6842,1.1952,1,,,,,,,-2.5419,1.1952,-0.65804
